f1,f2,f3,f4,f5,label
0.8319664984841221,0.7084604880966348,0.9489934016295326,0.473888787697665,0.1201891122782353,1
0.7104943595151502,0.4285212657467587,0.1947152916450669,0.3329269201765106,0.953003384655631,0
0.3766533914900258,0.153374040146479,0.1800113803139674,0.3571798585683866,0.1055437804257328,0
0.7236209577725001,0.6555791338780815,0.298584673555449,0.8847368717632358,0.8264258456927979,1
0.954335008629849,0.7145710772097817,0.0226114602013333,0.8182752012817353,0.4039106061883609,0
0.7517130878656637,0.3882982809424856,0.2173992319914885,0.466059559161564,0.3093381507357177,0
0.2922684160477047,0.26329297989024,0.2811473154953303,0.6423621436375347,0.293682570245842,0
0.6126852459458222,0.567073201022585,0.2558863565222141,0.8558401190085755,0.991968870169237,0
0.9100364803060172,0.7622721531687006,0.1470856586216865,0.0493674969662029,0.3641388460583845,0
0.0453848738310682,0.7800098890405397,0.5339887141473895,0.4372430792686655,0.2326631644970132,1
0.7055418719380745,0.0763022085082381,0.4331541788094212,0.6885013948791343,0.7690925976860072,1
0.3007151837093662,0.5631321378425567,0.2284952740373574,0.940625558830658,0.3763520681086254,0
0.8381621404291383,0.4098559326227207,0.73785910329445,0.7039574755282797,0.7621812389851098,1
0.1451107999244013,0.2267862074286158,0.185614184237832,0.6616959067296506,0.7218661056818687,0
0.536020473270135,0.216212592084674,0.5903817172580318,0.0931145658432174,0.6305882265341729,1
0.5180410663418202,0.6950619419481476,0.2649101022076197,0.3513157904594625,0.6023845261611245,0
0.3331206796422127,0.0082197183954983,0.9681921219363426,0.2440132139961284,0.0336493922930968,0
0.2162126126688716,0.2883079398388266,0.0363928729276531,0.8251660848311677,0.6058355998239994,0
0.0493419770450783,0.0679771581162247,0.4454484991784224,0.95606343365683,0.7469974831738012,0
0.5798676112201376,0.6126012086424535,0.2277116049618821,0.709202636834532,0.5248087588897316,0
0.9376632922440084,0.820990475263659,0.3137714314916187,0.7078448900153093,0.739282002194067,1
0.7866176023593221,0.8447547152229011,0.9811801694020668,0.1286182281841987,0.774907039539247,1
0.4700825311921386,0.2514567630284066,0.8100814051231879,0.7381717110043985,0.1556729169941735,1
0.5746982572539099,0.6022311169109775,0.1896387366555139,0.3111161478966169,0.0783532398565534,1
0.6426113102582843,0.9609145701468168,0.1628777206223162,0.4641382422873186,0.5040733529443338,0
0.3538447182459447,0.3681679893508206,0.3521049230637554,0.330953586534556,0.3648323685946112,0
0.7642909305634022,0.1584574010054997,0.2096596054885808,0.2692736030444181,0.6782780544037841,0
0.5916673389416678,0.6278019252111467,0.7824507955690045,0.9487292693500192,0.4887306791108098,1
0.7986323771323425,0.0467056244998989,0.8237548326785468,0.4535374528646366,0.9809088323936233,1
0.7078398407046277,0.8579353177029136,0.5787650857442584,0.267949999973037,0.4628896072270421,1
0.060980151996994,0.99519773059095,0.4102853775596193,0.5638183445441314,0.3438561955948177,0
0.3757265233543478,0.4986291731342785,0.970339698240704,0.3982598372743633,0.6804318230931924,1
0.2245885813906736,0.8245884959465434,0.3675610741734686,0.1464869534921009,0.003586954923206,0
0.0809950890837798,0.5417996431366533,0.3203288715824313,0.7317393109543808,0.2760972213747322,0
0.3012090614379596,0.4661957084928806,0.2806120490871723,0.8827290180262505,0.5463767506326468,0
0.6476861686249262,0.3700825022146242,0.7018615260244203,0.4287360133273051,0.4150718677951279,1
0.2580168132015072,0.3486580980484551,0.681681405197707,0.7646669469953472,0.4435666069991729,1
0.236330293999371,0.234940890985251,0.3355317610875241,0.7892291341926925,0.2163961463972015,0
0.4003154530534738,0.3036816772684153,0.6520304556418491,0.2381473143035111,0.5283148979821892,0
0.9590081608904496,0.9326278468250916,0.2375291203882782,0.7387388743936145,0.857670977766166,1
0.7033301103610982,0.7245489901395834,0.3226579638272928,0.7273047916364185,0.1944300675532114,1
0.6956443007913663,0.8839125192665366,0.5053522488270875,0.8148734744128134,0.9668301551263824,1
0.6721343290719272,0.4083746202425541,0.5967501276442496,0.7431174705049024,0.9229231977124466,1
0.5490112624293443,0.4785739524336104,0.2954309698001791,0.0951828562406473,0.504985761537965,0
0.9726648872153076,0.7650700043401616,0.0765486316529812,0.3461258607627975,0.3284817952404976,0
0.8239181272460993,0.7172477934442952,0.9943369303970072,0.4765529894838292,0.8284021694663694,1
0.8260633110683968,0.9151588667860496,0.8116249183582105,0.318334953939282,0.9618504124382732,1
0.8924582207839066,0.8190598951413413,0.8573100063531105,0.1018447590921127,0.6772351816405943,1
0.3119342993315545,0.983919765020946,0.7630788229084925,0.6894654061834959,0.5654419835026059,1
0.010987575478415,0.9218036596221396,0.4873156576293924,0.4298329645223262,0.0127094099468624,1
0.3165381243017846,0.3704257212512014,0.592570804452974,0.3822192447656011,0.3744718580811067,0
0.7723154238550823,0.4901406820160567,0.4608209976597354,0.9837480915192376,0.2531501750759473,1
0.3990392176968932,0.3133067521594989,0.8523667397442959,0.8481707359426008,0.0361206548439418,0
0.0416134856323386,0.9944225865675376,0.5165501601883579,0.2792682307060172,0.925969112396588,1
0.4941618971391914,0.3911891224762746,0.7444170774821021,0.0268939806073169,0.933838968852816,1
0.7292486052356585,0.9996354863818284,0.1257230528583535,0.7090831103034624,0.6075625497787188,1
0.5074861829154103,0.6173379659469728,0.1409013193348048,0.94828482005071,0.8047370296717323,0
0.6780051251400077,0.4283823896518334,0.7000506570352009,0.724042439081035,0.0265133066779189,1
0.5052387341759625,0.4199118124093729,0.5297715622165659,0.8153515262855737,0.0986645535357028,1
0.5073294132820987,0.3330221084912053,0.5772738989286914,0.3699402386274489,0.8393567621199195,1
0.6595605348091255,0.7497980634149658,0.8070702382415345,0.0787010692384173,0.0419243754181473,1
0.2342920910180008,0.2271383639371293,0.1072966497211228,0.0512964874072316,0.1001213123812486,0
0.7027850654391187,0.4036739045792503,0.7269776626544943,0.1355091609903527,0.1887877661278673,1
0.9751098607352772,0.1246374432038596,0.4867086802714212,0.1098848896828951,0.4004418953229079,1
0.5768771398165469,0.6354225528717515,0.5567242095585414,0.8667659079908615,0.2125076710764496,1
0.329803843596413,0.9204798805864208,0.939741843994186,0.4723115055937781,0.947999646430845,1
0.5922394175686346,0.9651042925022624,0.820201513361267,0.8494751759645556,0.1292296798799473,1
0.8373546142605008,0.2007088197585455,0.3987076877592127,0.3903177443163915,0.2899663086367797,1
0.0913942904487716,0.2847208167903914,0.4616667113193273,0.7832632715297804,0.0424778023179163,0
0.0048813956478537,0.1995724633273015,0.3459661156607411,0.8965987135242663,0.1451555528186365,0
0.0125701430662494,0.1625797075309041,0.3211497354068553,0.4977860344395706,0.5387617390858458,0
0.039236673104898,0.8675742092179302,0.2439930384484907,0.5831679691448745,0.8967189784914531,0
0.9516457577898242,0.700101014793823,0.2080025757053605,0.828245719326775,0.4881378722843357,1
0.8811678558247021,0.8268378889247143,0.3283802821537241,0.9503371474856906,0.7062274087548284,1
0.7256775339608027,0.5985157311899828,0.6930503014464748,0.5123569651354816,0.1467340299353744,1
0.4398742902583843,0.1225459942234157,0.9923275160182482,0.8261436468345976,0.0342694898780484,1
0.6873460951770832,0.890218067421043,0.8785698824832401,0.8286356783540594,0.232956367063292,1
0.2275814165676004,0.3795812777214472,0.267231869764632,0.9383403490607756,0.0466960693894807,0
0.5541490209388229,0.2461125523326771,0.1594075762553854,0.251631565913725,0.2674434444707309,0
0.3002853730552901,0.7534182972620325,0.5239940685895097,0.1851848304467597,0.7534562633969784,0
0.3629868948273288,0.954084453061074,0.5070930728799273,0.0351103485574229,0.1290543831743589,0
0.3317581280658207,0.9569536341407624,0.8283475516692068,0.35880496976771,0.0881224894030973,1
0.368117169161129,0.670843189798639,0.2754549707650046,0.6394680560693419,0.0380259737015107,0
0.1034792327794795,0.5875234852212714,0.934836963420113,0.7932139049058674,0.2349535514884118,1
0.9880106660915124,0.4894466549923161,0.935048077747143,0.3335844758142512,0.1490458522126649,1
0.1969872790177108,0.6355823438468176,0.4775855541040331,0.782835151305271,0.9317547929528992,1
0.4587498948684608,0.8522794504691819,0.5118738663681437,0.4269552003628656,0.7339600250172129,1
0.8162264058988232,0.4426378172150159,0.3775506914708511,0.2809364714267796,0.4650714470482769,1
0.2047717123289614,0.924903420116622,0.3159611603792971,0.8315886643354987,0.5791336823020808,0
0.8337462960123401,0.7898080046633632,0.9860278943939714,0.6250097145843772,0.9553631524036492,1
0.2944317348145002,0.9903198814738616,0.8524957019052569,0.0091411105392803,0.1403128672339658,1
0.3800261400613508,0.7969872990194831,0.8239880738443008,0.6827323858268656,0.9117238741651112,1
0.6042301613508411,0.5747692078660547,0.6209364374603359,0.3935568729643776,0.7935482110638102,1
0.7282906864000441,0.8852846873239046,0.4406919618397336,0.0127452819219868,0.9990974959414322,1
0.0614432511719087,0.7520840961059551,0.8949329132773253,0.2777585871203147,0.9084411443897144,1
0.5743289698969304,0.9606960717454196,0.6219837926851128,0.9321256961022096,0.5119839708767683,1
0.4038422139439968,0.3606972001727921,0.8359484480341582,0.7394440181453957,0.3299734392682485,0
0.185395654755594,0.0506524231598085,0.399953735603796,0.7630636052140412,0.7721472698559078,0
0.8428243118521751,0.7028040666063611,0.5689635077651349,0.3451899235891814,0.925248190594627,1
0.5336635607819181,0.2032922376687145,0.3991115717006933,0.9012266867733216,0.567610921319752,0
0.2149578376396436,0.0516412442858392,0.4079971427087826,0.5689199852741422,0.6830332332045878,0
0.7881508829533013,0.8289927707909438,0.169626899919025,0.9647926687313104,0.1347911859341152,0
0.8560890243639344,0.5622930631242565,0.8272982258222523,0.2425460719128511,0.3867725094838059,1
0.9186437985368316,0.8348580305522219,0.378431162090558,0.495740660353284,0.1847868242631574,1
0.4638118557325454,0.830885754727354,0.6847804421090499,0.0069564161054269,0.1437015395756071,1
0.3803344733247884,0.16237932812734,0.20242750347405,0.440205705578223,0.971643894203154,0
0.6535946435909391,0.602359722940478,0.1830062996977266,0.8473649902846392,0.6629368000390268,0
0.8055321916632376,0.9911668679961724,0.3023768372458801,0.9477458397080538,0.8191513190743289,0
0.3173075371333215,0.286387947311896,0.1207742917708856,0.0079730310311186,0.0083532010965777,0
0.761477596850643,0.3288161598273411,0.326741795743282,0.8508967218475754,0.5658979132760483,0
0.5733475540128307,0.9500407081001504,0.3538065302782014,0.2930628517693587,0.4449958785545028,1
0.3915811264462349,0.488755443826969,0.0198909696630172,0.3680459372071523,0.3556965358915307,0
0.2749953869100112,0.623997669547126,0.5540594967299411,0.6946662848528724,0.373602335581022,0
0.0174915708028812,0.0358778557990316,0.0281664259534675,0.0468214980884225,0.555808370346761,0
0.2830329899455001,0.8620996244973241,0.8152853990958123,0.2558897308919592,0.1096760548122219,1
0.7434033908735445,0.3455538637121262,0.1045911616496326,0.9463637916418898,0.755084530798171,1
0.4524354990380509,0.3059055918707561,0.4288932031789874,0.8789958858655721,0.8087626683828841,0
0.8221450006293749,0.925750939686081,0.6590282301040032,0.8706261783763356,0.664754701400953,1
0.9210854690638078,0.8721559590703795,0.0974583857307824,0.403438557403714,0.8572265039649345,1
0.4511639256118184,0.0917349159707933,0.0736631630204466,0.2912737531537481,0.9228058609864412,0
0.0797986156407576,0.6836612331007267,0.1861076949910566,0.485173455829426,0.5743741199488364,0
0.3116847562528019,0.54541044067548,0.6023691219568605,0.7892477886501679,0.8574545551358329,1
0.1791756132656726,0.7702536653598349,0.3777486208870212,0.328338724802597,0.1741014918120061,0
0.0013588490734982,0.8100261420688522,0.0787636232081897,0.1770003231750102,0.2100348220327363,0
0.167160609515241,0.8857349881943299,0.0937336284564241,0.5413648252245166,0.4914454121367104,0
0.6631104806677376,0.5318048200208444,0.4218171975185937,0.0124867918344987,0.3112032534698601,0
0.7019347097187001,0.2212866444523333,0.3360694136786565,0.8307475189910104,0.7860748239802893,1
0.7176786068863745,0.0391194131475417,0.467684392469056,0.2003355819459986,0.4874233201678363,0
0.7142205161445542,0.6658437645391215,0.4734631287052604,0.864681176643922,0.6478051439583298,1
0.103861970622341,0.923534410436692,0.3213469026945788,0.718859858058965,0.4724612445758097,1
0.4052379489116783,0.0565966197176268,0.6565772518110627,0.107032702483213,0.8573410944591191,1
0.9008879798347058,0.6365506573191311,0.950422887643619,0.1902638854683395,0.2756258925090575,1
0.6662671046776201,0.3522742076613537,0.4074709306301781,0.6655528894891998,0.098762985853794,0
0.8703350148466661,0.8897759902721074,0.3079922693187448,0.193838010556023,0.1325430580867291,1
0.3776952864811334,0.7044999305799312,0.0755041873734628,0.835300170198635,0.468332723214845,0
0.0291032264067868,0.3950766001784001,0.4902521855735976,0.2598445896850535,0.7269223224174268,0
0.2074164365858966,0.2697814658208406,0.0327937584620129,0.9682616249239284,0.5250275757619355,0
0.2309449375363153,0.6014809469321064,0.9267798195289024,0.104358406643259,0.9557244251691908,0
0.3389970816203406,0.4571769044776649,0.1056070455325621,0.7133888655625639,0.3764131795618212,0
0.5704767626726963,0.2691533894546474,0.654318292423611,0.2175160736862842,0.849396833931835,1
0.7446169312537809,0.0875843288871627,0.2344403195774969,0.1078013947315464,0.7965974281022613,0
0.6346246458828405,0.0137589625941041,0.4707294830639107,0.5126360127535505,0.6059863738566291,0
0.0127918414884692,0.5439716517021812,0.4526006773864096,0.6443029240859386,0.8540343118068123,0
0.6636394449425096,0.5415418607090134,0.4337048424296519,0.9138936669740438,0.5760834439780849,1
0.6314457299580335,0.4579319248929456,0.9047770241192842,0.6658183206318793,0.2855774543487358,1
0.5063094229698669,0.6853786522750761,0.3990725021015685,0.8549691977332163,0.2227825102523154,1
0.8194455605083335,0.0319042777326517,0.4655401880641909,0.1759278980722953,0.9979481631008223,1
0.8124615553418328,0.3672714950602704,0.085183983106126,0.5399279763011329,0.1968922992940541,0
0.2799208122863529,0.7550722933490306,0.6268489742948067,0.6710257992404266,0.6252468752928928,1
0.2360751070707928,0.8359253134481813,0.3111593356110185,0.3357699300220295,0.6153297225944296,0
0.4415426896838563,0.0395364771532544,0.8862180439590377,0.9260828615404938,0.2104094600646274,1
0.9791561063710126,0.1483670303025948,0.0699943703764721,0.7855024221757415,0.4026845377920245,0
0.7291127357554273,0.8912411670799539,0.2380978273155798,0.5488295483172038,0.9793071273529788,1
0.5892271211255439,0.3276415203928097,0.5447343042424362,0.5974824095359184,0.4346359561353761,0
0.6521742497340172,0.7772806917950698,0.3429446810683224,0.280728078663923,0.5826446609155982,0
0.8079094938281406,0.1383200558229463,0.3434694977673231,0.8474879946333569,0.1279900506936517,1
0.6114456747972398,0.2331483158199077,0.4391175466740019,0.7050054454309908,0.7915612358195836,1
0.7236413819759288,0.8682608911997104,0.1464418767375995,0.992739764752342,0.068109583660825,1
0.267588651786741,0.8014400988234169,0.771736693902509,0.0203654686694776,0.9262556085307444,1
0.9792533921204792,0.5604670237845665,0.4905173606948024,0.1364264299852735,0.5866739703694975,1
0.1675841307491192,0.9768614364544264,0.3534691612639304,0.7158340057559556,0.7320862088537601,1
0.2357023316955484,0.8924553805154507,0.5493269396556979,0.3667418329037912,0.1843315933485914,1
0.1722231480315227,0.9512686834140276,0.6237483879599821,0.2665034413314532,0.0713695572656124,1
0.8370163638447654,0.9379612772536652,0.859571013463406,0.1600724773521815,0.484325887833021,1
0.487593875865552,0.5236864448106113,0.8099720887372178,0.1696740951148739,0.1546400277128925,1
0.3761280371662491,0.2025732208051468,0.5921976978033361,0.1301627730929211,0.6162913186952033,1
0.8961987615927652,0.058758092075531,0.6807926648393366,0.4033715512012307,0.4602333841145108,1
0.1264231935495098,0.0018568361837134,0.8518819822891145,0.2699528486418188,0.7467431086858407,1
0.2047017695490365,0.9299333591401422,0.769870795078592,0.5209440427092284,0.0959894099301998,1
0.6151621929066496,0.0840729122347994,0.5652707073383952,0.3381253323683358,0.693523999001313,1
0.6193133087365933,0.595723659663966,0.785500261774295,0.5992157997342634,0.1349143328964982,1
0.1019757797734161,0.5340829768457224,0.9450053951500416,0.372340219568712,0.1146915861279268,0
0.0158496454147643,0.0567333104929362,0.7816988980786369,0.5403921881588564,0.0329727313836429,0
0.2156433089229216,0.0156854693177221,0.113207130060484,0.858997044271979,0.3992952956871918,0
0.3810051302457273,0.7135565519604951,0.9693943307245,0.0430899001366791,0.8255301286744642,1
0.9155822678578014,0.697742095387971,0.9460182387755124,0.0155854373276755,0.5623322661009984,1
0.2481702239992996,0.9277012039458724,0.5812768781723664,0.3349384066447998,0.7431812623637716,1
0.6493120689957372,0.6188147868640553,0.8528746043667141,0.5349568700218209,0.0107815100863197,1
0.6413298221362911,0.3551139550278125,0.1065590801369691,0.3402682734430359,0.8100096516314936,0
0.7385688248545426,0.3816317072073816,0.2196254252834845,0.6403555411223745,0.9996602545338574,0
0.1194052507346031,0.979869055777848,0.817625278509247,0.6831776728617662,0.2255077758439433,0
0.0580714590556227,0.6774082411506648,0.9069376517240404,0.130732978477755,0.3088508685604392,1
0.0663703113231388,0.5091475795923205,0.3259550988108357,0.9445266379264484,0.3263042658882324,0
0.3377825457555591,0.6017379201355547,0.0106076616928632,0.923275457348289,0.9604378140268164,0
0.9441133144241286,0.7305041032106965,0.2241126892787268,0.486117074183651,0.2071834751352573,0
0.7969203236939182,0.9007877088423378,0.7082822586709256,0.6724701615059498,0.7329323731095844,1
0.5109214444882587,0.0817893734757039,0.4946444785581858,0.0222377348798681,0.9251060469606422,0
0.4441681719706983,0.2054968059801577,0.3119644653918371,0.1186596502830291,0.096627953347957,0
0.467191603898349,0.9002291704921753,0.5506688899431125,0.6341699484674767,0.9484522280644898,1
0.5943241550544756,0.3338800531028607,0.1123071621147402,0.3527152912048146,0.8710811137669481,0
0.861953693858503,0.7439128899092627,0.0043564732945591,0.5681225803542863,0.2985425627107401,0
0.8046314398103813,0.6220358049319101,0.933215318909166,0.983239614756046,0.7290003461321305,1
0.6113680586024139,0.6519023377058616,0.8654558958015517,0.8023207986561468,0.6046007643512921,1
0.0863377572151453,0.1544448629411712,0.2233282947453753,0.687432358220144,0.4769638790312417,0
0.7659200801221929,0.630276734590234,0.5299269750181057,0.9807070393984696,0.6802715527220496,1
0.3655333735438676,0.9479715651766024,0.5744485376330886,0.1219106232910073,0.1155812110055007,1
0.5820436859607616,0.9282717779503176,0.5027836089194363,0.2228913958759516,0.1710915566046991,1
0.1914440935990767,0.7361073818954353,0.2896543701771096,0.600183738685711,0.828677843986163,0
0.5333809257581154,0.0077983284983046,0.1759936793827252,0.3985425593587887,0.2373414067133418,0
0.7425390055910921,0.2150871887420854,0.9285244048015748,0.3355139079975142,0.2108086861567254,1
0.9735805606513774,0.4525484943071494,0.6945021851924768,0.5865944357738031,0.7761442499469583,1
0.0463691009136451,0.5702300798913432,0.938250708388239,0.5289476788320817,0.0554551498175642,1
0.4873308413019123,0.2055689276887563,0.2885820753747035,0.9387550125389732,0.7716681356161541,0
0.3770290905556379,0.4441016663169438,0.2843772984158027,0.607864468147183,0.8000427243979442,0
0.1950430650105643,0.9950524971506388,0.6438919365195668,0.7107139230163556,0.2718408166925473,1
0.9645850613843284,0.5377249909893738,0.9828157682299984,0.1556307459145915,0.6963307073576763,1
0.0586973927478864,0.7077788589402573,0.2958920536667542,0.8451475622799378,0.8349441834068073,0
0.932131500958928,0.7148929102901552,0.3116034366404684,0.3444856931361078,0.3276316885877103,1
0.9556941090275262,0.9855229954180352,0.2947503906281772,0.1284381320935574,0.5251486683643807,1
0.1709682101832749,0.138095796227157,0.4987102416546992,0.2954748166263856,0.7009405231297262,0
0.4464105976537541,0.4418219930956258,0.6056095577285913,0.4197066324694767,0.7811332226733452,0
0.7352155364155193,0.4383978055335706,0.5717955187242636,0.6232416329950178,0.761917728328147,1
0.7137534666274572,0.8650852475746518,0.0627549141953418,0.2057426891106636,0.901461125518334,1
0.6360990072112412,0.5584221412872002,0.235513021882842,0.0638375468658291,0.0703359331736852,0
0.4959056168074772,0.0623435031530339,0.8006965476285661,0.8643131833153331,0.018333337318329,1
0.5855221988575596,0.4984735445393955,0.5280760612454062,0.1800014366657926,0.6311655821531185,0
0.0634941381069259,0.410412462617026,0.1404402378092846,0.6220244465787823,0.3980483478411566,0
0.8712338005747685,0.1819092148423565,0.964624833736004,0.2809840423942291,0.6964865778871732,1
0.4752270330686179,0.358158531797648,0.7220738508043453,0.6521132486274303,0.4622091938302726,1
0.9883354355885964,0.0170519618758389,0.879812167049732,0.9531282400917812,0.2381996286183828,1
0.4624627252339648,0.984022530447293,0.4702275181881997,0.140825314722171,0.2541013664419691,0
0.2473608077833522,0.8720917693044272,0.8841482966298504,0.1508805040368881,0.6524984497401566,1
0.6567742599292141,0.0305188440712649,0.3271451822771478,0.9922745442933152,0.7579900952246076,0
0.3126190822867545,0.8517773795505461,0.162319857558091,0.7632566106251075,0.3801038444851542,0
0.2332450554202263,0.577297223102657,0.1742119806719144,0.8227314025462715,0.4358669213310105,0
0.8587863102390518,0.6422841399848164,0.4626463431021879,0.7505021411434423,0.8276271549592796,1
0.5411975723128075,0.3224159569333905,0.216205680671626,0.651716448876181,0.3296565416375346,0
0.9879550684420652,0.8751470976227606,0.8226482360401125,0.386600252549504,0.7743945666546156,1
0.5126112387460813,0.6967103835127096,0.8414134102455566,0.8219872355086156,0.2617562203863535,1
0.3728647191782067,0.6030703933882519,0.4508502415178921,0.5983657472158075,0.1716288149737372,0
0.2502863946225343,0.9501765750413764,0.4046152189371917,0.1236509739038106,0.4049084421799207,0
0.3004401151839788,0.7943946097911551,0.6973617281782732,0.3430803719247468,0.9164151756082304,0
0.114147111272751,0.1063016672178125,0.7062279523132021,0.2240086563929814,0.2391436047394755,0
0.7869659717363625,0.132428600030774,0.9945605177614464,0.3576036424408386,0.366829661338909,1
0.1683219856652316,0.1171972462138065,0.0702487006650802,0.9674405104080804,0.6643329196141771,0
0.1526556044526139,0.5733725546222244,0.6848416932394636,0.0529005677507902,0.8731030767775125,0
0.0460208915959579,0.0186467090338313,0.971059894233981,0.3706366081613983,0.3106428939305197,0
0.7933373740227831,0.0118048502554966,0.8431769214181872,0.949361665664462,0.1431938458164277,1
0.5363300612390188,0.3356963013662699,0.7464753229580041,0.3050002319830267,0.705200272268206,1
0.123574310663941,0.552541042398517,0.1831972584052056,0.3190741632512314,0.0331389786577723,0
0.7371087251323503,0.1995920641074006,0.0578722274156078,0.3859756400272259,0.2503855760190475,0
0.5289335781189423,0.3785613626161107,0.2990992349152501,0.0567300847690042,0.1306291540277675,0
0.9608675020053946,0.39881861497844,0.4765892800675662,0.451972710504298,0.9414547038671502,1
0.1256626375073858,0.1168183249601751,0.8967208756644192,0.7465840281278965,0.4913016219115448,0
0.0558356748054422,0.5611500575887575,0.3690273936616514,0.7258031508761191,0.0485983028509507,0
0.0248684768480196,0.0755421912818246,0.661869559276293,0.1252692722339642,0.8470331612607426,0
0.4299905408449482,0.7106728751590545,0.9253095526420272,0.7943488842910376,0.9616273436155052,1
0.4258927854815446,0.918574257318606,0.5385058553155927,0.7014758107452124,0.5139870612897132,0
0.7494907271656507,0.4009491556870973,0.8845949190680733,0.4622967916040437,0.6848615735139365,1
0.5215410442013722,0.4744269923519844,0.2109377209199533,0.0851982050670792,0.7108711020476265,0
0.3419234234339243,0.4014144019223382,0.4015890018098762,0.3646409787875271,0.1793508416378901,0
0.1051902879782974,0.1494799207126247,0.0311299432826077,0.3180639051055316,0.930051704165696,0
0.192829719533542,0.2441967133312025,0.4075505768636398,0.7098280655885868,0.6559238237363347,0
0.3262561967823829,0.0100759879705801,0.8645133853728638,0.5756326911979754,0.1562021316202718,0
0.6637662033095385,0.4809143359540522,0.2494807878605959,0.1420997675787971,0.5141335230325225,0
0.925220882568112,0.5406008030200321,0.2800220472454615,0.095966486805658,0.702555261332367,1
0.184082375341445,0.7527464337008749,0.4785439992121455,0.8221486131229965,0.4250967528886139,0
0.0283412549341444,0.1663213361528399,0.5274392572586939,0.576449055075055,0.9249776322994886,0
0.9242899584748177,0.1361194109174435,0.5398953404184246,0.1771404437612476,0.8321090229176764,0
0.5589939095351872,0.8381216363150198,0.2569790113614598,0.0379166347624847,0.2093465284120556,1
0.9110220808516876,0.857924942184511,0.8670177299569778,0.03715709054301,0.4758811785259207,1
0.277707708410728,0.7630849180854291,0.2809881824509452,0.2043553468735987,0.0581833248990949,0
0.9231445022724892,0.6062303417929459,0.1117824757429752,0.1328802542821056,0.3336710365628355,0
0.378115901392024,0.1576950154779526,0.7727165462884157,0.6263769475037602,0.7153452964402836,1
0.7126433190703361,0.9363876854615542,0.3041040026391498,0.7898568623371229,0.928062751569514,1
0.4552928383932842,0.4754421790684326,0.9070779492509724,0.948188572387502,0.5665237520348108,1
0.6236087122701098,0.4039857920289823,0.0839766735284371,0.1002782528148863,0.9985956501377912,0
0.9109528313580656,0.8310282118276054,0.0782338438032217,0.5605882883960037,0.7660462028824433,1
0.2337414562567115,0.259857032081687,0.2086182030690098,0.7387342410336322,0.2313743554759251,0
0.2018960403168308,0.0804746848402901,0.639013861692497,0.3086123843256144,0.2779068414522581,0
0.0979288058415374,0.8692080125778077,0.3802900379254819,0.119416682497993,0.2205913682536346,0
0.3946479504572825,0.1774893904929806,0.6491900536263217,0.672365014807311,0.7414786371852659,1
0.9177028804241268,0.2956922862102661,0.2597082494279566,0.5709695407069462,0.7212582942629953,1
0.912697036885562,0.196354702589927,0.991824851375523,0.8637403199087546,0.055981522811691,1
0.4578495197520743,0.4225994286311593,0.2722257137489037,0.0609122123786957,0.3122865239508066,0
0.6732179595223915,0.8103471486250969,0.4654924136773866,0.2162722410010419,0.438590403868446,1
0.5289717954269486,0.060009987514575,0.914556072733659,0.1802123347176419,0.8743890498384067,1
0.8059446439729114,0.8720855251527277,0.3178281851437755,0.9709383855312907,0.2534605684295522,1
0.9567744101939128,0.2855122605809741,0.7239923527944727,0.278060721456561,0.6595799258750429,1
0.2354453131462716,0.237959771780792,0.5057199976361512,0.9597112537083172,0.1764211139717664,1
0.0188202581687474,0.4379869449568453,0.4379472748355107,0.1397899995431443,0.0220142509184307,0
0.4238441940756864,0.5497117700752824,0.0001056662685504,0.3341329661486222,0.3345878622241702,0
0.3794256366596386,0.761853417613473,0.228779544419384,0.1071453956585212,0.830086435407899,1
0.9714022354942028,0.5056029022639745,0.4434990163004536,0.4465267565018346,0.6479890088792971,1
0.1818509996187887,0.5211932592276892,0.5728060838794666,0.240563082523969,0.1314499475009642,0
0.47875498818723,0.294150104491912,0.8515243614280954,0.617676182651656,0.699117625316963,1
0.7237304068944365,0.4804582632654476,0.9777367290242486,0.1062851764643543,0.1413883932264376,1
0.6947160545841082,0.2359935917010031,0.3465746301755937,0.7604619876046286,0.4055547889538091,0
0.6524997649959944,0.0674670505216945,0.1513426733989248,0.933597455078184,0.5756985835293567,0
0.8910712500522584,0.3498788331694297,0.8724484941720123,0.8784957125775087,0.500566156083949,1
0.0618956212312045,0.910008535806651,0.5675950889248538,0.4336782312769374,0.6078645534796948,1
0.516752040173978,0.3186638349527382,0.1334091857860011,0.0532794595676704,0.3198859616549805,0
0.0548820699718671,0.6221245980105542,0.9438224754821594,0.6980127542845158,0.3437032464810196,1
0.7805256134432872,0.2015024342188428,0.1647088363161767,0.0021123611592482,0.9027828871090624,1
0.7425286708423197,0.7798327665357271,0.591250516430659,0.8193209707233461,0.1456378588937619,1
0.0424974653039007,0.99920471368351,0.0724221032292924,0.9230718173532508,0.6943542157340982,0
0.3569003651751877,0.6411524099467888,0.9340320375565728,0.1776547158807671,0.0675568940640477,1
0.4184801878763269,0.7523511719749192,0.8881879153896287,0.4988968149980765,0.8924466623006583,1
0.7612881316840256,0.398399958132214,0.8057060207320964,0.1041000905220642,0.3277044727639971,1
0.8078714021812368,0.3737928836910839,0.6673603370359606,0.9411321838487332,0.8651825458332686,1
0.7309109902874482,0.7014683001581133,0.3891386776060217,0.0240611309129692,0.5689836470234484,0
0.5321481073447876,0.698144180540231,0.7484444759209541,0.1635230466864123,0.3759223058263391,1
0.933293564270374,0.1050844924198476,0.364584360477591,0.9208028985639268,0.6214150671321826,1
0.4686411533214975,0.4682640314362971,0.6927300593211955,0.7309316631244019,0.4217144189371302,1
0.0956795839495425,0.1028498942174459,0.1522206345502025,0.2191466271042899,0.0906369464619989,0
0.4296366435788197,0.1474202115903845,0.150743695396977,0.6590454923731193,0.3064943724826933,0
0.5467820274017188,0.2721571673051581,0.1334621664999223,0.9767329701579258,0.3436444523522447,0
0.1551296686990297,0.3340384078154556,0.9649888021752916,0.5173850711361945,0.3106110422870279,0
0.2123526084699245,0.3831518621561507,0.8517534575428399,0.5145631748108772,0.1105785848482778,1
0.2117770030796951,0.7275291382479049,0.8302956175984139,0.5074291566345684,0.4813057133292902,0
0.1073435666796644,0.0749984899349034,0.4952668085383491,0.7559414525619526,0.3894459675375085,0
0.2464779092754717,0.3770271834802747,0.2034295331482336,0.5073984023976774,0.1134031976940236,0
0.9365630979987482,0.2751742831097864,0.7152859072039409,0.483915195034709,0.117228286560722,1
0.7459006486478622,0.4652281563822869,0.5837778830103519,0.3343251176708663,0.7486433205227901,1
0.5244336109616106,0.1001696143300892,0.6397844949135665,0.9399202619040694,0.7176279043511363,0
0.6691995894952277,0.3870991421990927,0.151226608409417,0.8907518884244946,0.7446045241353346,0
0.8460366645047241,0.6472138851903069,0.4807210271181152,0.52129344276182,0.7646501001071712,1
0.0037998586453414,0.7818948420953346,0.7566191338718987,0.3792994767906,0.137485022299356,1
0.2660173199700658,0.5519479775823826,0.3049965487234808,0.2852655604002244,0.0876725394934756,0
0.7579627821567217,0.1067818627911915,0.5160363795013113,0.012747600391764,0.953311230002271,1
0.0562630306291729,0.8613946390039291,0.3596621686584754,0.0589637271791166,0.4912888109411922,0
0.9852890273217452,0.4454612990576191,0.7336121067604952,0.2903571798169253,0.4339454035265526,1
0.973655566571496,0.6925577630365867,0.2717296576570265,0.9578537324261394,0.1931696770563806,1
0.1666645585723645,0.0209655889505484,0.8541252490618066,0.5341197212152371,0.2092734516508921,0
0.2375874518422592,0.9621211781625264,0.7613685785506848,0.331573947152619,0.6184537559535411,1
0.6369969652886645,0.5968870629760925,0.0086393248153863,0.8815284662039755,0.2592222240573447,0
0.013013584442768,0.8012953441334574,0.7732262917159263,0.82068557163105,0.485149539980424,1
0.0506631882741679,0.6176829407066495,0.6242269838599623,0.5347234915169664,0.3463363298545127,0
0.596316358953016,0.0632115254323574,0.7619798107340569,0.8897096392689942,0.6477287516539775,1
0.2710676949254943,0.4640680174570726,0.0673307432379912,0.9570500705184262,0.3690372127257764,0
0.9136567069763696,0.7498592034697034,0.1108401519550084,0.9519534515295984,0.0500168673631681,1
0.0345750316186348,0.8423520038378819,0.4664495043530302,0.0929223142393093,0.2920269136518907,0
0.7874613046953027,0.5784602121569252,0.0516097378511725,0.3359619246261923,0.6180332153696766,1
0.1683792617219014,0.5081345523539708,0.7690307159071123,0.6767829345566428,0.5337918378169857,1
0.8435926000623292,0.9883471256073072,0.4425526636731971,0.8763039506436825,0.1462467402736194,1
0.7830984944600847,0.2512707189708759,0.7162890635695724,0.0103019474647283,0.0114829739140426,0
0.1470528933509425,0.3143623748380969,0.2947219285635899,0.1784259983271081,0.6696401506139511,0
0.2410544494966389,0.4734195952312724,0.683988299119681,0.2321623240762912,0.8616636284129802,1
0.6075639475561581,0.8771180242671792,0.6475349998353773,0.5883907036370233,0.6722637815135734,1
0.2786928573641853,0.7450573745663374,0.966731185392698,0.6446273437654323,0.8261133169634953,1
0.8641741043649027,0.0232048381620427,0.4475032710210466,0.429825547426592,0.2832438416207616,0
0.9402241333449078,0.8579719394845112,0.3265982398850006,0.5323363980284292,0.563930379113417,1
0.9672269668085762,0.6743455455238165,0.5682129762900622,0.0042244934839382,0.1967589847282291,1
0.0709239100557601,0.3834403876899959,0.7426553281511462,0.5649322495500585,0.7464183340647579,0
0.733601941709261,0.0739929600272956,0.1732588791210138,0.5099976961664304,0.9024707320285568,0
0.6711381076863328,0.6790545448907723,0.9359770738883412,0.0326543875278969,0.2004797666389771,1
0.5470490035233353,0.8319722212082197,0.2348683909137708,0.309090422704276,0.2195216914519404,0
0.8457035290203738,0.6126524016667055,0.1936332437322938,0.810153618813691,0.3276542576427909,1
0.0849035819127456,0.3826125624476076,0.2777075117373834,0.0408162802308487,0.0495247952063887,0
0.0577150582889909,0.3838744568016645,0.347333825351804,0.2437178577945341,0.1892972967417029,0
0.2118723427035733,0.9442517183864176,0.7708789807896973,0.7014362226648939,0.9899311576405044,1
0.9752399194261115,0.7379397823225224,0.4963502325732377,0.077387263749915,0.7172093028258031,0
0.4909420160696067,0.0596308158489015,0.2614682981888817,0.1619862597617525,0.7227277122537633,0
0.0884597914816571,0.2887918217986287,0.966300820115248,0.354020077163299,0.9014476035658712,1
0.8038804306136679,0.6616744934732756,0.398207375624904,0.4879558672624415,0.3043039620387284,1
0.7071033367584787,0.7594158097936337,0.4833003152574953,0.1656653128906559,0.7007287695771481,1
0.8896207110787392,0.8978759603313505,0.0991459459055478,0.2967599198603111,0.1319774832040467,1
0.4430977857075037,0.6831307047806588,0.3734954988224933,0.0342948595998638,0.1865247852438912,0
0.4253127738084453,0.9435415508577814,0.1388772682930079,0.9655670275407336,0.9590414859510628,1
0.0578096239445703,0.67881171259462,0.5124080738082128,0.4963843931011336,0.8047821747296175,0
0.1306263864595022,0.2544818178977707,0.8728501576928944,0.8013786318946772,0.0744714086545127,1
0.9181238216769936,0.9937855522118708,0.388461914763285,0.0078359058332239,0.33606649992188,1
0.2572323955367006,0.4483912356847348,0.8928461945974779,0.6913843953421966,0.1668092495052369,1
0.7773687399353677,0.6780589074257863,0.6205835734356085,0.5620818005194713,0.3474085213377341,1
0.6371792967925398,0.8804038963240937,0.9571028749531316,0.8906997867872608,0.6554218041545925,1
0.9721308311594132,0.8531177399611682,0.4090492784954735,0.2311309452373238,0.5200569133978894,1
0.8670945817417491,0.9028055494590008,0.0299593996214945,0.4093767357953898,0.5705887976437901,0
0.457190209343519,0.5595632190112844,0.1474478881489449,0.7091538128519765,0.3513254506988978,0
0.747548955324407,0.633491075032582,0.5705751491744578,0.8322466421849394,0.850579652729537,1
0.6791426500572283,0.6196144432673262,0.7774035952850923,0.1781380213792633,0.2228980870578151,1
0.1253163285724846,0.5593588489622673,0.4775305287007889,0.0835133455398371,0.6467022980038601,0
0.2224875665892253,0.0555301156773927,0.7100994898789507,0.8768038932421721,0.3220691349060818,1
0.0203306006060284,0.340856581921419,0.6603492197356197,0.4253789358721995,0.1587468044996607,1
0.8325940118873737,0.0047329587465578,0.2043858600015732,0.6844034022976415,0.9129233252504166,0
0.1333380307788073,0.7387973423247406,0.7496255406697521,0.445020158322035,0.2844500068633977,0
0.6611799911322764,0.992328068424716,0.6359424166570249,0.3587220158016454,0.3651980862856558,1
0.440351993221684,0.2295743436320979,0.2456739922637107,0.671570745642534,0.0755371206894472,0
0.7330475402968888,0.8764512987778014,0.1929797900849181,0.9804980320104192,0.918932905668472,0
0.5265282800593941,0.3465724234489571,0.9852671121715518,0.2460806183455329,0.9681988525962316,1
0.5889055355432847,0.8334142518504013,0.3257985689922412,0.477826760837334,0.6052671893997482,0
0.0708780961521386,0.5390357419339324,0.2834293356956513,0.5201090017969072,0.9205586619632972,0
0.9052917915626872,0.3549764896250055,0.6808112407873753,0.786286471829136,0.6811822690757102,1
0.3376722708869768,0.5303843705269594,0.5340573139471393,0.8200438837905564,0.8999586572055758,0
0.3565165789971488,0.5326247681142794,0.9444163080670316,0.3812591328378518,0.9379291019969852,1
0.6617520988096226,0.8764023138895007,0.1149460336422734,0.5592425034208124,0.4161841871834828,0
0.861336915059088,0.3824429388875974,0.7993184490653882,0.3506173900577232,0.4829960166998648,1
0.3446315035814911,0.9307072810664008,0.0092118152319086,0.4252378664271959,0.6215335489317994,0
0.2101106671882894,0.6236370863783717,0.8176696102693207,0.0879498373098653,0.699642897470203,1
0.5236911386320527,0.6151719698655833,0.9415787713784854,0.5545444997830028,0.5314388362345964,1
0.3490336555803494,0.9115811459692308,0.3135284438367894,0.1720825794735246,0.9474262038754828,0
0.2443169258015313,0.7864144469495711,0.9240460226956196,0.9856055198437936,0.6721917040609168,1
0.1833915089377686,0.4223096193756573,0.8341429811920444,0.4475073110816161,0.7821075641591879,1
0.7289982279069169,0.0539634089388174,0.9142599533643734,0.0690236750186656,0.2492316931463922,1
0.2336516114237621,0.0902011596523882,0.7600779284139826,0.997101063915802,0.4220429246580476,0
0.0410141426460202,0.4974300952251634,0.9772425181480936,0.0806617309332285,0.9429027140005284,1
0.9245218018708522,0.6192740749084523,0.3900093198088808,0.1152795704188387,0.8529003267988146,1
0.5294937959491663,0.8984233459171852,0.7880826074023445,0.6517307209531429,0.2982024598704664,1
0.1156136179364184,0.5279336469522774,0.6293834819255906,0.152185608580556,0.5650883006233691,0
0.4521811646919437,0.7131673978370727,0.4149796671120388,0.777106396478473,0.2847758258687615,0
0.2548864328586734,0.316344692381353,0.123046824932954,0.4426308349597609,0.3092068338149355,0
0.8655589873021721,0.685994863618803,0.0040071315520866,0.9996065651060811,0.6120951382143877,1
0.9719837845052772,0.9413261181618712,0.2659228218018434,0.1261764924232399,0.2763013439554642,1
0.0534230453125206,0.301060924128089,0.6171977955978992,0.6198386937317577,0.4525415012514791,0
0.7672965896344338,0.5212253680086816,0.6542494776152207,0.4601866337546689,0.5531721208296475,1
0.5679701958509122,0.7648503311635155,0.5019806753488589,0.3306028127969777,0.3345217903713362,1
0.7266894529357203,0.4812875678588381,0.6011233632584398,0.2318726097489984,0.8213025981915142,1
0.4293891113448449,0.1948699913795613,0.7318871062018417,0.1125065004992055,0.5625540995038143,0
0.2485711505810013,0.814389415407279,0.3942587860719354,0.4746824537390286,0.4225471224940587,0
0.1289537723168592,0.5265429476487076,0.5095265587827434,0.5080908249424889,0.400879849588991,0
0.3882068827433115,0.709048931746039,0.2710919542816959,0.0039023833351475,0.868464323088538,0
0.8494424451230701,0.0334880214017621,0.8750464006837275,0.3597479443735272,0.0110144151317921,1
0.3981912585253357,0.7297375990729041,0.669807172062751,0.7146950294118783,0.8215728848953887,1
0.164397020907019,0.3554289763384493,0.5716064190776179,0.187207436523058,0.1219952512069034,0
0.2296847310733057,0.3091544344427082,0.8646618055059822,0.9254620294724112,0.3324313481234067,1
0.2303598805602311,0.7920860525433733,0.0059330865554029,0.7996105673337892,0.3530078389218539,0
0.3289953674950073,0.9500323681772578,0.4861699852236517,0.3181004749407198,0.5154341680734055,1
0.3743233929499828,0.8939689305365944,0.7372549533386741,0.8587870052878255,0.2972617241791602,1
0.2829355233249216,0.7146958141876354,0.9394526363201464,0.2461251767115579,0.3906181998476464,1
0.8521145382084353,0.1362739906193754,0.9145018928242372,0.197489663948937,0.1569508973040345,1
0.543015544946997,0.6647983508048945,0.2052541599735373,0.1997135302447171,0.9724765758305804,0
0.1423273922834251,0.0764439645279351,0.2428336468104307,0.2433959642076721,0.7778250865850482,0
0.800248358911466,0.7477493183270025,0.6202810782501483,0.4587902756432453,0.5711297024393025,1
0.5862978506570133,0.7769271683145977,0.0951326126125517,0.1907477308345306,0.5179722223142605,1
0.8975869417519302,1.4547648248264268e-05,0.4871987654444871,0.4084668640151041,0.958820225965335,1
0.1879217539698159,0.289319946894628,0.0570242038750667,0.0423624599610811,0.1483983718512016,0
0.2186336780260193,0.8878661725315925,0.8678851199722223,0.990159374473654,0.2744767042409147,1
0.9576978223283574,0.8741370289597475,0.9919061262928311,0.6245258613796061,0.8124234157451999,1
0.506902755201386,0.5577592629722673,0.596517781223968,0.091144646162655,0.8933045091759046,1
0.2418184933197491,0.3500345106048315,0.5710434254173011,0.3895182990617971,0.0038012454079543,0
0.9748530163395028,0.8283038850027715,0.1193086963802513,0.7755332761933352,0.2872296506986458,1
0.0834079179489349,0.8718292320880662,0.1181764367261445,0.9126800065059452,0.8653382236219054,0
0.1896162526080492,0.4239740877884411,0.9600034722139325,0.6376786342359759,0.8895225008935241,1
0.7939153032415559,0.9109585477139258,0.6889424967777419,0.2291665942042005,0.0507650658306867,1
0.4346454574113404,0.1322624827837895,0.2405561702281803,0.2138230133338989,0.2728819090694516,0
0.4896104738495499,0.461251786467988,0.4624521623697534,0.903776592311106,0.3367399559698046,0
0.6680546730416729,0.1403181236893409,0.8838093751384611,0.9001549471664086,0.6224826190500776,1
0.9906801234276552,0.0680499770754887,0.7839588703485388,0.7025848567119801,0.7983604079382578,1
0.6329794828959056,0.3905823390587188,0.929341517830792,0.8083061432753947,0.7983155629992263,1
0.4678292982953483,0.4101400796494679,0.5507818102056016,0.4015313214299427,0.633575940993617,0
0.4962658713191783,0.3124986461301601,0.9848206251425794,0.5244112562577168,0.0618449075202716,1
0.63352893269187,0.4818293548352581,0.4873512822006519,0.0460101977072764,0.5881925919031951,1
0.1706877738062563,0.4753613604442634,0.1977999102998142,0.8667138825890172,0.43844942997723,0
0.2285142518447198,0.4753876461348993,0.9916257303513138,0.9381491946489514,0.7107901446018254,1
0.4838408704619217,0.4395609984400784,0.9660967251876048,0.4242782297715257,0.6984563723233144,1
0.8455329595953499,0.0002661193952671,0.1566917865705805,0.8324393549215433,0.112285428477416,0
0.1908799046646021,0.5425828639652064,0.4288400095240879,0.269379085618231,0.1305530971164807,0
0.9964896474657818,0.4673214052139673,0.996589837725298,0.908532006429589,0.1800023564458447,1
0.7011867399906232,0.4129934038133215,0.8418670329211981,0.7968484343859749,0.6480287954313569,1
0.7347855839844714,0.8740191038225047,0.2741830252456274,0.0451935056242965,0.0683423810977785,1
0.4674872698487615,0.5508437488156036,0.329077769873411,0.075654811368514,0.5354420108550956,0
0.6039684282604196,0.9747544131499716,0.6596933435270461,0.8224376054207739,0.6953575098740535,1
0.268095285376806,0.1315828100759731,0.0476270015547952,0.7936976813049579,0.7083442715296766,0
0.5967344852647536,0.570450874496563,0.9786076786651422,0.8242961807593681,0.8596926619552411,1
0.1100345538492538,0.7161594998672711,0.0364720159452572,0.32457799702108,0.8963835882482669,0
0.6563331106471803,0.2573726084213028,0.6572355699497988,0.2937999937592804,0.1686584680173111,0
0.7949553976607577,0.3022864043171238,0.1590316986750212,0.2545988420510074,0.3883798480106918,0
0.149913675057713,0.73378582305993,0.0478092354861169,0.7212941330429928,0.5946890186341236,0
0.7780295094760633,0.4805841264379177,0.4862037530135636,0.5768506082796901,0.5251952132274118,1
0.7381588711593862,0.6295696818808086,0.889802676555091,0.3445660521634474,0.0684751439717141,1
0.5995056978620233,0.446258985223694,0.1426766639384434,0.0345771213190247,0.3072362032432038,0
0.2136861461461474,0.93893897533674,0.1665715199104814,0.7056080701479416,0.9095236396919836,0
0.4411891058436866,0.2758122901819078,0.243472142308756,0.6941426617220979,0.7943725816430379,0
0.6748701735355334,0.9372997218823867,0.1394233150025781,0.8061474798075076,0.6145845408202681,1
0.725005240914389,0.21493073916777,0.429973085306663,0.7436266922295006,0.9650072610868816,1
0.5279583803639708,0.3407298911581177,0.4428491343555485,0.2756198693777518,0.8892700808452291,0
0.1874888917016359,0.1411726610932056,0.5348051501864193,0.1520176696395689,0.6998246532636702,0
0.7362006312290025,0.9716467569534674,0.5049124895901382,0.099653779264491,0.2550663065766838,1
0.5648275101537275,0.2003171733689454,0.8784409598124966,0.3535565213353878,0.8759065094860392,1
0.1685056126806661,0.738981431578097,0.1878082490551031,0.4847687143346595,0.4365757483579315,0
0.9070805290459862,0.6037499150909799,0.3600892962590215,0.8194521808536435,0.2234715407713187,0
0.5155958051888551,0.2994934027320393,0.6248062008982063,0.884305903675302,0.6278429716408302,1
0.3838219974091712,0.0561545733177564,0.956426232004902,0.830976138808154,0.0220805919040739,1
0.3029601842837675,0.9618156657431902,0.4063241441463238,0.1617548306235197,0.0715644215825469,0
0.2544527452478983,0.6512641867556775,0.1619282835930502,0.3050059950969523,0.1652188318209831,0
0.8053345617581906,0.6771048184530799,0.3058601532462665,0.1589768802064235,0.4347222079369169,0
0.3131111475424012,0.8649546265612107,0.4194567154975183,0.7222105666294623,0.0194255187688116,0
0.844336261319174,0.6088700983254507,0.415493792659286,0.8846493645956491,0.6843032306465088,1
0.2425643556240329,0.4809227057983627,0.6108891025412021,0.2038830974607058,0.9911175663042032,0
0.3590243536433805,0.5193493230479886,0.7620011437434145,0.6336090242780766,0.537681908200823,1
0.6871458857914684,0.0603095736107669,0.3417158739211996,0.6330970243417565,0.7164613238834244,1
0.3959322290566358,0.5747757875822661,0.3265264927364141,0.0246625041568916,0.0336984792197311,0
0.867436155675016,0.3232265403498763,0.8900488150262666,0.5732169828849079,0.9390339084295322,1
0.7106737160958692,0.4370781504028938,0.5101103183685113,0.0260936940285499,0.0718743904021624,1
0.1754684173939165,0.652985709569757,0.8515934266382078,0.9607713008369256,0.5792088603835571,1
0.3976962197936764,0.8561118888582839,0.7107952557890724,0.2774369466583687,0.6011224913986352,1
0.4414450315552043,0.9250359688684506,0.7316658633010006,0.0920975731015286,0.1518025674231489,1
0.5142654105224794,0.8519229774748155,0.1252781895201928,0.3055276740473546,0.6090353908980167,0
0.2862838215182417,0.6894908902374017,0.9072923378632848,0.8277241436063955,0.922527960559634,1
0.0540060117158458,0.8765128049896546,0.0874096215468736,0.4034762904177927,0.7077090865033777,0
0.1070037046989085,0.5078469167666049,0.6134936954702889,0.2661207325940538,0.7660884976438018,0
0.2731840071774325,0.9638260856821866,0.4958463208207414,0.4833884432820922,0.8236929885633478,1
0.5994055576327377,0.1739727444649669,0.7504610985582869,0.213991210711657,0.8316283574032137,1
0.2119987697641975,0.8313292733086526,0.8123181868080768,0.0854033423323087,0.7782129430450208,1
0.918746837593476,0.593738589218136,0.590218112787224,0.8554220226227093,0.4229477927420272,1
0.0318111486863916,0.0876327731595317,0.7312133094433697,0.8617497558650669,0.6979312775360786,0
0.1017386396702404,0.6009336915576438,0.3125804417760153,0.3364170209099961,0.725720668545091,1
0.6919879057063006,0.4899832365420948,0.2611478098409781,0.541777510416666,0.5691502210180971,0
0.0221081133360006,0.9272030654134652,0.152585800511895,0.07206424220079,0.2223071412577201,0
0.58361081216739,0.7869083802693044,0.8824273516877095,0.8548751492101622,0.6712581643301916,1
0.8182178213437216,0.8850858430545979,0.9701395121296106,0.0233907575062621,0.9120431766292963,1
0.30031593769954457,0.4776604994507764,0.755785412642931,0.7350913690821748,0.9150555511850197,1
0.6678319705837882,0.6051269114813559,0.008849596373821322,0.1169275362453075,0.494832382486491,0
0.2902439644792836,0.1785306962493114,0.18324803569672687,0.07423881721121228,0.1290699358341043,0
0.4072682970746335,0.9028996481831308,0.2148114014955369,0.43805079865573404,0.9616663537879061,0
0.06271741895197591,0.24913853478682935,0.17441222030955916,0.4676064832231691,0.3125900716604322,0
0.20279596022913238,0.8645197106899049,0.5226126258168192,0.2033491318106373,0.9610532268968623,1
0.8914163483649735,0.6537699318892359,0.2797319510199794,0.9899958875742457,0.14683582880817492,1
0.503458995572413,0.809154000238609,0.4721804496463582,0.8939236403919623,0.38332100951583925,1
0.575066447569438,0.9319227121038451,0.7154635548986461,0.2792191322268127,0.23412255585039798,1
0.9399852040471384,0.8364677082292017,0.47302545443618216,0.07958372790333812,0.20534231801722747,1
0.3496612935771185,0.8264258363016019,0.07790104984382573,0.3485836349679651,0.2538817470221607,0
0.829331039362152,0.4956494297141546,0.10770282340188275,0.6451174136032465,0.3189641547933034,0
0.5581519104521121,0.8944174003760625,0.6082174388816772,0.3482744605316258,0.7791702055374339,1
0.9031993314558736,0.661760769502261,0.49606581531958294,0.9769707405701069,0.24144350770979883,1
0.9272221455022162,0.3829519886540361,0.38974680511384496,0.9265874721751697,0.5264868961515505,1
0.8776475266747084,0.7941609461468363,0.7575799942716044,0.6820351923777184,0.5241364584914762,1
0.2209525232637466,0.7949969636498853,0.9326549894839655,0.5346052820986088,0.38658726067681604,1
0.40823536621457923,0.10682270793596216,0.2224766174196472,0.3337110106715666,0.3862338153955427,0
0.1805118205244125,0.08723495550469507,0.10516073438629303,0.8718360168579524,0.3373352775061793,0
0.9537456141597347,0.9306563392446385,0.7814803422366106,0.4821384371460947,0.5937447969141646,1
0.9404694194281145,0.5004531740877046,0.4363808080490925,0.6839037743394493,0.7472084960646642,1
0.8692441597853363,0.4412051848440318,0.019431666887377963,0.4956292400933493,0.0957556531356859,0
0.0836996143929748,0.11547736195148228,0.8986887402274043,0.07308112525729804,0.7072629217361155,0
0.8981937829543373,0.6459410032161794,0.9385509933505523,0.5026560677145587,0.051650897250568706,1
0.22264159522734173,0.7321209714231594,0.30212956765127097,0.16980463121983091,0.1987584901372461,0
0.6116691338051975,0.7613570869663343,0.33694533959165074,0.8442403934168279,0.8144060673671674,1
0.9872550832160294,0.30298582280645914,0.7979424589484766,0.5294453050906471,0.9159907210855731,1
0.11357152360223965,0.44816396127367186,0.1577724933208533,0.07552963584377548,0.506033354154042,0
0.12545132612188004,0.4952440319697389,0.6835923328005356,0.8266293263225506,0.4255920234669638,0
0.8509993730123123,0.7013248302483278,0.6660983944928496,0.11821383510012806,0.44802325183153446,1
0.7157602956894388,0.35291229690433246,0.001256025242674208,0.4633491112697019,0.9418373279875577,0
0.38989785808665334,0.6606230714841553,0.17179955548151526,0.2496540910308408,0.29642891067774835,0
0.5362358559613665,0.3871826363110651,0.9779876226307396,0.6947717877615528,0.9433045364169419,1
0.6385960229410169,0.5807532535112461,0.15299323038616142,0.11940609752677356,0.7081074320176011,0
0.9827457988889063,0.5337645060024307,0.3692881674726243,0.00671617506039679,0.0922720659676246,1
0.597338825896211,0.6284719070509343,0.5475649590772647,0.1837987212067682,0.11048776010697714,1
0.31581756925413684,0.4296604418413904,0.7670753707787357,0.6087904245455105,0.049038483785770914,1
0.25622439865688773,0.434313991755931,0.8261651905443002,0.36647380732257895,0.15003019257155015,1
0.9680744863095616,0.5506216226019035,0.6242726887699203,0.48201304263915135,0.8566847544087838,1
0.8395276543525659,0.13314518210224902,0.1915183118089181,0.3663107324886473,0.798293161659443,0
0.4799426734257094,0.8018808388067877,0.21955661036604202,0.6593560763506127,0.6965070014739124,0
0.549613573935676,0.9164182839034818,0.5218314397643682,0.45861022461094825,0.9946439097587928,1
0.527946237382392,0.10808133550079713,0.7299730693960886,0.8445654576968142,0.4631485311056941,1
0.017741700043361508,0.05388392657835228,0.8928213635906045,0.6285151336939253,0.9416282447651514,0
0.46266882274057797,0.05214962999204087,0.2997367573126206,0.7421744601630837,0.05218728831570241,0
0.5823597760947563,0.5919826072388933,0.06814374186959882,0.6798011624308946,0.8259982941784945,0
0.7514624405796619,0.60652739891976,0.23130161122323167,0.0965490717016414,0.3114078664304938,0
0.46260168457592465,0.986731047480504,0.219844592276067,0.45273501953646755,0.8671392269961923,0
0.7599185324289683,0.6914076048237446,0.7531293751433451,0.3703459347504876,0.8548442889205219,1
0.8145752101037412,0.5531850101726027,0.4530125979343932,0.8962374934504574,0.7338354805851959,1
0.025149394656555746,0.6630081494101359,0.605740464699053,0.619141940567321,0.15724288478432713,0
0.2912590086608219,0.3574816583421737,0.5626407192740032,0.25013143622456935,0.5492503555705747,0
0.7016490159436797,0.9136482206281079,0.24205809220409036,0.45587275596229027,0.4776932382132111,1
0.17696781876983658,0.9332512325403334,0.6043809686016909,0.06803856251684759,0.9178257309844408,1
0.41743893427415235,0.8090273394476285,0.021555044348819496,0.1081767847930094,0.27657750668747305,0
0.5666058875456034,0.9294095985807562,0.015804344211919785,0.4783669048223459,0.6072477548742563,0
0.04491175113341084,0.9154962648435141,0.3593548850078693,0.18277997412189195,0.47026272480565334,0
0.7363702624184572,0.8487958431669992,0.2312083209129816,0.3503191051836251,0.23365455627760867,1
0.007381005350613479,0.8287764535174937,0.643916510845446,0.20440347867388742,0.5249651198036982,0
0.8505540721574986,0.9562122478636221,0.15579829831617953,0.6644152779777324,0.8549501579040616,1
0.6341567131631048,0.14229397636914742,0.9671132257060451,0.34909216336743476,0.8362241082103009,1
0.39870788273506375,0.13528935228465544,0.6815625750068637,0.6221915831868725,0.9930369231097214,1
0.973135295017204,0.5796620873530336,0.6655592641300754,0.17114618689703476,0.15209581856790488,1
0.9279177034874839,0.2429699277784675,0.011367383858861713,0.6328787012379125,0.14303276810638144,0
0.2999348872700648,0.6415704470305552,0.2556230614473535,0.5747884560486504,0.9729474114855658,0
0.13923208540642074,0.2536077718441466,0.7155158493037209,0.8017273418629715,0.7010813174269487,0
0.8553328230431493,0.3870163473577821,0.44630381744305647,0.06893171202406423,0.3958238368443727,1
0.7892547387600757,0.8905470986950778,0.10900800962914681,0.28883593083994563,0.6303210468308735,1
0.1810903838642265,0.830243698839563,0.4233015340400921,0.9495450187563773,0.16405364984836057,0
0.7059138924288871,0.4745337740527036,0.3084150664265244,0.8716814192938582,0.5300501713903787,1
0.43883926334653534,0.7511906405977112,0.49498387499278373,0.47976640800298587,0.5810604144524671,1
0.9517715040611551,0.9870438379730764,0.6813348077731005,0.9711388063835874,0.21734873673570365,1
0.3918920351714241,0.2543502356046641,0.12656568494220188,0.8969035057468338,0.8998039066489569,0
0.15070101112508238,0.5337833218306524,0.2502084627355432,0.3120715391638186,0.2933212253789873,0
0.7452507676153013,0.36928235220955863,0.6430667210369087,0.255138646575096,0.08631259532477986,1
0.2848427152347164,0.4234282093347518,0.34255176485622696,0.8699497791688908,0.3783368897758683,0
0.8386541303603846,0.07394737224259706,0.3898177184969466,0.609061192802218,0.7331135121466565,0
0.8187226712101158,0.4307253107570358,0.9101597004326623,0.29859248990636766,0.5777890375425403,1
0.8423772827288359,0.4733087107493602,0.7719816717968472,0.4830474317926855,0.177354197121651,1
0.8602982121762716,0.15949520074779566,0.9025123286232601,0.7833337128577975,0.27821272063911884,1
0.05060973751671205,0.9030939695771386,0.03545030097037205,0.338055810639886,0.03194189932251679,0
0.37559303606681216,0.6366609830991975,0.906700934495026,0.12335047231367813,0.346993932238328,1
0.5178209891365836,0.8787311026152664,0.5483723989558532,0.46624122360919396,0.6934730242866604,1
0.39672582015993474,0.7118004858383974,0.5965145041905663,0.16341492250522005,0.7949242564394305,1
0.7975616021841251,0.4102671301328622,0.23743102391599735,0.6851318625185251,0.5239004964793846,0
0.15035400539658994,0.37766669909423745,0.35206345337021616,0.8829983118119606,0.4309215051740797,0
0.4474142844358997,0.07563257270296353,0.012253954249377474,0.543886528364015,0.8356620237709579,0
0.6699216239821201,0.16559356998672126,0.4360748098650832,0.27601274485643723,0.8540596551679126,0
0.13695035277518253,0.8104547304868388,0.30163697684660784,0.3023183940420562,0.8533532180822635,0
0.36489265878039745,0.20617074750783781,0.6158867136907241,0.11864235255836275,0.4125372645007046,0
0.8804112122997432,0.8909442208291071,0.48655672301706043,0.9394137881068227,0.6068247953923878,1
0.8318582456370526,0.1305783858547127,0.8966176166591537,0.21885408874761791,0.527567074691388,1
0.06362265862328298,0.21307336294651769,0.1038477584188241,0.21015039718077744,0.4893106163193063,0
0.88156442788015,0.9420935959266198,0.28289076142693736,0.056141995989360205,0.257677365481079,1
0.20158243985374413,0.6321964700541848,0.6300379584399941,0.1432119013529758,0.7399852535480367,0
0.4163325366865803,0.8142912024487229,0.2713827167666657,0.7218483686692132,0.9963282614107389,0
0.050650864876151,0.908634856150498,0.18275528492623427,0.08376558875477835,0.7627572179255157,0
0.17399553515907562,0.2566664719223203,0.19425350036074263,0.46977333446139,0.9219746516318031,0
0.1926176504464303,0.26655970355602165,0.8814094096584061,0.9465595191741561,0.7145624078940574,1
0.6249151754360827,0.8666537305919795,0.35751745709204685,0.4713357296866798,0.3961186739806821,1
0.10111534486069829,0.8744910805521585,0.16425285545348134,0.30913168856954765,0.28741250467620305,0
0.6179801711575965,0.7265704828617026,0.8246500207382448,0.4135042288155616,0.7961103882224105,1
0.8996591176306817,0.9813003052566727,0.277098574253672,0.7022411296044783,0.3824670557189249,1
0.9526213556770585,0.13294863083077535,0.25566660297217303,0.05113765352828337,0.022399038902703117,0
0.9235457629384669,0.3985016585396792,0.8993857819673066,0.532289598821715,0.48678928788130305,1
0.43056036716904655,0.006632878122287966,0.8811460020485182,0.995384020622451,0.6591340650861154,1
0.901498447597334,0.11982268438378829,0.6437430572159359,0.8251369206563263,0.8063807462007024,1
0.05992479530531358,0.48937727715859014,0.17058512355005573,0.45109903321936284,0.694832749246504,0
0.0891878341052742,0.9354328198279871,0.22900913738909556,0.32066862354311265,0.322091144901242,0
0.28045816804887014,0.8196821518692846,0.2573245234107052,0.8477905434897302,0.04658543602001275,0
0.07618857473250873,0.19498737848418424,0.9272527130045062,0.23399306735491843,0.4990776827808785,0
0.11205331253392059,0.6794762132024492,0.8265297622141484,0.6240494654007164,0.276244971189861,1
0.3544218147509859,0.7948468369934182,0.5920147318324038,0.9215940294979644,0.5698929441494407,1
0.999890403743252,0.6974312455840778,0.9380434373581593,0.4786018153479571,0.5300779350964459,1
0.9763179664611945,0.4851446170266537,0.7740757686977153,0.8227919687697316,0.5778940385904574,1
0.2189033035509872,0.17261334036020237,0.09912778131669286,0.2023859678140011,0.3117870052676598,0
0.9064958312651379,0.17039583589990637,0.3795290941950116,0.3596984677090316,0.535599121618205,1
0.8335664577858001,0.8753860630511637,0.6364328999936172,0.8011291622110165,0.9437557544102232,1
0.6680107349454993,0.2470805858342191,0.38553345806209205,0.5840577449759959,0.9073503374433806,0
0.8270885638262305,0.18593893884048718,0.3123814011565732,0.6979385574181032,0.018453431985126945,0
0.13483737901651516,0.49936472256991793,0.651509683036247,0.16389710553039938,0.17161316739593857,0
0.9178632623438758,0.22856973167472372,0.5117003715817631,0.7998208443632758,0.41337680432028423,1
0.9880858503993231,0.3460882463389978,0.19528348206596058,0.713020868312217,0.8877175563572279,1
0.42497372890018015,0.41822760702463824,0.03910434465078805,0.8084972680292063,0.7613529087182173,0
0.14126992053739207,0.23554181807713825,0.8962281815577435,0.9295991102892794,0.5082812608454317,1
0.865730391321705,0.9769362570794032,0.5163825973492434,0.3123293819581878,0.11658451760763455,1
0.6068477487180727,0.9805069757585873,0.8088338868668669,0.5746218543831286,0.10843146716473984,1
0.4521355033504787,0.9049256821351087,0.24028267618767873,0.9734457190763942,0.3408863814190467,0
0.8645138279573776,0.8561080409626479,0.9534574010699286,0.9379313788922158,0.4220962066708941,1
0.16310619448764896,0.07879381024200327,0.8866403923391275,0.05206708260956838,0.7887838676037227,0
0.2670073383774204,0.6692301141754821,0.5831037788275356,0.09160080063843468,0.9576635425385956,0
0.47600118910400213,0.7353627870845864,0.6336305866928634,0.9958489095371766,0.4625851054818304,1
0.5513510471161108,0.6552339326831752,0.9333034959344396,0.2906404278542989,0.21834358754547145,1
0.07017808969262507,0.934617640670385,0.8187188878528203,0.12682311324322093,0.39810169727479316,1
0.9556061408237574,0.020077839863786417,0.2158330134705445,0.38549154343851855,0.8132739419261847,0
0.6243512556174857,0.7710922476261857,0.9059851923510364,0.06019271339042187,0.5395147067700836,1
0.1674855353105208,0.48887835442917427,0.5480390839508874,0.8036605561106654,0.6030469921081222,0
0.6922366384652173,0.14034247044658443,0.9197591512495737,0.07907829383679321,0.3373604682363728,1
0.4013084267750582,0.07131763337911623,0.14197955228372605,0.4337529806373076,0.7259363021023583,0
0.3659292624573701,0.23627614984998757,0.6132880641879392,0.4911976332589276,0.5817445023971483,0
0.1890891503872164,0.18646064689025965,0.045711490322854265,0.07180094518769609,0.7252738148675171,0
0.90137165052524,0.46725541312720575,0.37584283241017413,0.16912654150871942,0.7620279221164566,1
0.02266892098408191,0.587551250282209,0.26578828429539525,0.577724733777774,0.9770805474109642,0
0.47657231217746854,0.14780908923035752,0.2922381638380599,0.7803392594468836,0.49921347656228854,0
0.590759046505849,0.6178601266593299,0.24786687237452987,0.23403553150529244,0.7316601108422957,0
0.8005741655966137,0.2467589351445003,0.63872610440244,0.6179903853303259,0.9440689009789496,1
0.932792421686353,0.45581649642578237,0.6102289120209079,0.567319293773981,0.5897520391220004,1
0.8767178955743966,0.3009037239822755,0.5732508722285652,0.38713079238468784,0.08923195162615627,1
0.14838481240722468,0.8749225079064975,0.46755803429417087,0.9126333399657022,0.21542375459309748,0
0.9551081398917773,0.35530707698616015,0.37190936505802463,0.8214204920855693,0.6345321706794925,1
0.8763756161738764,0.13205555241287248,0.4474301576322187,0.7037794961401437,0.2748745722225212,1
0.9110689417379982,0.1840525774579438,0.12984833029858167,0.7980814268209272,0.4437452897601538,0
0.8184551875335988,0.08961003099141551,0.08792780541171419,0.5034219797866043,0.7938658490061447,0
0.6663322142362358,0.6009518049953918,0.2760303558929108,0.6372355796612158,0.8166419119850417,1
0.5923305584322546,0.06389725761809384,0.9018065259253875,0.21343795437856217,0.09328871744183098,1
0.6287809501734926,0.6107519579825696,0.9250370744651475,0.21422408175472252,0.6727340160294992,1
0.23631183598947192,0.5976161957853354,0.4506484847156679,0.769600461220924,0.8409995163195889,0
0.7489654208926069,0.6219584026339422,0.19087499820460563,0.5817954025816982,0.8950436001570287,0
0.6691914967107698,0.7525222807081319,0.9597195984982785,0.12736001602336255,0.924079244372684,1
0.5031922275209941,0.4873545985952322,0.7837439705156077,0.41646053071986133,0.5588334751777138,1
0.7370831876155797,0.09050674504063405,0.7800303497261998,0.2686836669576198,0.6746838231938805,1
0.8273492784382191,0.1697063836314504,0.4187369309089718,0.22294552220285058,0.14686374769798383,0
0.1525651179995352,0.9401484774818809,0.10363206161044713,0.23859162512808507,0.3602947203857383,0
0.3166378492096489,0.8596756637208701,0.3508241901393311,0.7397807127948692,0.6466412748518378,0
0.9021464276942669,0.5124545611211094,0.9687612163462401,0.6917608552031482,0.9807668136614608,1
0.719820222335885,0.03737838578733377,0.041029089104755334,0.5093448614790824,0.0931882594480008,0
0.9221603419381524,0.40057017067196143,0.7910189872039696,0.7785894769108213,0.24569156761463407,1
0.27852685529717125,0.07153079279069019,0.8372515578005305,0.7119674573524425,0.5047253937374939,0
0.9253651885053469,0.5907395797487951,0.516746709923603,0.4662015670523969,0.4966016296775413,1
0.31262173086504097,0.4136425337409789,0.33764270650541306,0.21992599506593502,0.03706071859437843,0
0.7115831172204107,0.21969381728232118,0.2349336703386029,0.9489484933040893,0.1578565792706813,0
0.9565400477572851,0.023063296122085686,0.4494381391512823,0.09096110546312408,0.4188958333506292,0
0.2657075101762284,0.22100346698993112,0.5213616823507873,0.2707079527001578,0.9890716106374635,0
0.6881506975905054,0.9516955337600571,0.4625580213231564,0.9811664407834155,0.9835880558836559,1
0.2085083025820832,0.346970308685272,0.6028643943817928,0.8055832952365415,0.48760399680801525,0
0.9856352831283888,0.14974708401257442,0.10917450071536006,0.8766557980671962,0.7387491724374757,0
0.602573402038737,0.023101307225976364,0.9556073235753658,0.27265690393477615,0.9075726611494368,1
0.5147596496891589,0.7069828505094538,0.7676627202442011,0.5798081787443125,0.8989679539433164,1
0.8855895323178248,0.5924426914601113,0.505114696452946,0.2129803291070156,0.5305787867350317,1
0.17636157914492256,0.1774965633584672,0.22357978372955611,0.3114868343602273,0.07257399214683347,0
0.5693638299975463,0.7515779775271557,0.9876303853920306,0.5025493326076984,0.13610673412583107,1
0.9461937933855171,0.007102121036399844,0.8395643850272195,0.06502657392540312,0.7015453242584283,1
0.4204527020409776,0.8438476129130086,0.1916501072524437,0.9877041372897492,0.5088419594831897,0
0.8650265665443175,0.9925702733921538,0.5302286417891667,0.8203965092415033,0.5231165537864407,1
0.37666147749888934,0.039178391774230104,0.7823253634562626,0.9516026993344306,0.9984726846352002,1
0.4534964220547063,0.12446757766105487,0.8316943827324044,0.7392762734335112,0.7160686269758508,1
0.9230204481727536,0.17731174731564892,0.3585854718496241,0.7289530853209268,0.21460348416496178,1
0.2632351221830165,0.5492603071482342,0.9849766108103098,0.04108026015414856,0.4712518442394453,1
0.6559442810052818,0.07241530080025727,0.7579868031171136,0.4297850219931122,0.38457802300510857,1
0.4866982495240222,0.6754500471568764,0.48468936219806236,0.1741678469704121,0.5903568232668465,1
0.09152603671461113,0.15967075635227446,0.5687367593153461,0.8437719993447687,0.5347234111750133,0
0.8353557766126334,0.8104937455730123,0.36060561509361544,0.42052198640098903,0.30323238180098644,1
0.3560348079179644,0.7020222688870074,0.17610248804118178,0.3709898843541063,0.042291124373145306,0
0.825297266455629,0.6334390902094109,0.7998040861113402,0.9728295460238942,0.7569164818705952,1
0.9918140727671673,0.38983091205301634,0.7658488605904495,0.07799660078208892,0.24255969464464344,1
0.5470511293686534,0.9289564210194274,0.4515843303998782,0.24902977100940127,0.3545987472309562,1
0.9162525374691108,0.34471183260719385,0.26610053915383114,0.7805386376308453,0.4767634578743264,1
0.6066998717462795,0.7013995480235866,0.3196581166549054,0.9821824781802456,0.6023378790123125,1
0.16880896812971957,0.6925764418462218,0.8085591992705747,0.5926705080707825,0.6239791092375463,1
0.868317282425365,0.37382504562644103,0.6795816502017581,0.9721739916327006,0.5127021462550287,1
0.6290035374917149,0.8825284381180326,0.4304517874142598,0.07435283916944158,0.428757994066985,1
0.6318712880262987,0.4168692713551895,0.41069281532985114,0.9963686516913084,0.5026103171001435,1
0.2586695076854497,0.2749441580576575,0.684533626230553,0.3967102556673995,0.6427102949154565,0
0.021291619628843295,0.13413623032960031,0.14388841225074633,0.7206062022348253,0.38136887500938543,0
0.5044874313492601,0.7022069838117956,0.5347953513535016,0.4995875586185561,0.8489988320685061,1
0.8951428525347543,0.7970595457491625,0.4807796206757975,0.04407915010475949,0.4319407484906952,1
0.02675789407460194,0.08892516576748322,0.065581635323544,0.9125474533787478,0.7475639572226525,0
0.890369470446226,0.6344279775755629,0.5386877908519121,0.20438878283230455,0.030957920982464415,1
0.0060021694384420066,0.532795665702717,0.8657092846231624,0.3533819457422427,0.8873427586966379,1
0.9750719514318479,0.37978072918954864,0.8949369107961924,0.45519072519465087,0.9696475920292283,1
0.5922129431538292,0.25044523106933225,0.7953202004625347,0.028619660209140307,0.9016287725012472,1
0.2274937105843282,0.14871561408807832,0.9931573933069161,0.6139908653741628,0.31462582619902213,1
0.07931800382079202,0.22089432114265006,0.9610109156267636,0.9371410859513216,0.8657665395869495,1
0.4936156151550041,0.4652897515025517,0.04754786677090739,0.643039879007639,0.23144704401212257,0
0.9942809664976138,0.5459247754260764,0.7065067090503997,0.13382112229439846,0.07849498141227484,1
0.6485112137058329,0.12409396126860439,0.3301241767482722,0.47491792232724583,0.18678962131652044,0
0.6912301981736839,0.411615437566068,0.06016185953485609,0.6761922197735755,0.2566660962523132,0
0.13190957652332258,0.13713179929695718,0.7340552921266073,0.8502974224791923,0.8981800954316789,0
0.7279208591496673,0.5703629955456317,0.422814045798107,0.5858980338322988,0.116909515178653,1
0.4242679184340753,0.8253023869136545,0.9631464553614056,0.6076051089739278,0.19150823614000534,1
0.8980054186132563,0.9147058003723695,0.10612304892238522,0.9914429626702218,0.6395749103507152,1
0.9870421248187549,0.030806350758568968,0.6511283783626558,0.0760926002744794,0.8140272404653229,1
0.3502560605074706,0.7876120948292099,0.7679438128294304,0.40900798137107885,0.8715744861874902,1
0.26317414949148743,0.18925991460580138,0.5133675355246997,0.7298444202710973,0.9450665452701296,0
0.2692557562248956,0.8618100317665138,0.14372344832541895,0.3537750766031763,0.12752135459235692,0
0.07844267986185616,0.6637467646791138,0.09411386681006795,0.0053776533674329,0.44571738507028746,0
0.7637575087065382,0.7303675995101724,0.5253775278522825,0.5064441488008876,0.05327374149204411,1
0.7638861383830454,0.75197584286244,0.9213391074080726,0.28029115250317616,0.4752131587497347,1
0.3534326302245627,0.48716030830080814,0.6575020127224607,0.8347639163885454,0.2234456028416132,1
0.3205595643949477,0.5910445545510253,0.6792679341651586,0.2913590401712144,0.1292873486105922,1
0.6318977670214966,0.791238935699388,0.7667990532605379,0.29855221419921196,0.7449532183827159,1
0.9710689590956658,0.7167823750738954,0.46886170523372495,0.8010173071755946,0.15894258832719488,1
0.5120538349945623,0.18391046454865168,0.7979948603023073,0.6628545897922907,0.9841736826975477,1
0.6466981648572876,0.6642237767650766,0.9454429892600278,0.5734095261787198,0.16741536963875703,1
0.8225640879842756,0.4417236265256069,0.07145703852570195,0.0558381848156716,0.07410254442401665,0
0.5208078378382697,0.4697510351886749,0.2393444733228821,0.8422232426204965,0.0029529296739885247,0
0.03674100896393184,0.927487505983022,0.4849508125193769,0.6613972889838943,0.885258525826489,0
0.4652181618925525,0.797251216117374,0.9865011503322725,0.058901641805882865,0.003412261721284393,1
0.15508684379663606,0.27661509493508385,0.524069478565888,0.36928248333521174,0.6183460942187617,0
0.47806253858634895,0.7338528559019136,0.08141782549779586,0.9083112029547856,0.44621395585247636,0
0.8638150016652965,0.9688300002470418,0.14256188888407195,0.3047085187254711,0.522639727050748,1
0.6678123145188413,0.7143485294197782,0.793533610671078,0.16100544333214895,0.30984065722818166,1
0.4983952802749996,0.7772555569296767,0.35602013901063356,0.7325862796951311,0.7502420112015817,1
0.8638122356012188,0.280514117213046,0.06071261218993207,0.4158376050918642,0.8852502821242841,0
0.2812116397268536,0.07224967569663754,0.03685294010444362,0.7787198128957167,0.4073935675841207,0
0.9754773584888692,0.7262326301980249,0.25610703505798893,0.4460770804837786,0.8147597568233507,1
0.6968930773071587,0.35939427017600545,0.7232257916972412,0.3633605925046455,0.6367090046909757,1
0.13704504032455467,0.9834014958418115,0.5812645709637866,0.08426163972391287,0.40216945128281856,0
0.22995700650853113,0.4369607800049474,0.891909179136097,0.513361196635294,0.4304852791158751,1
0.8826623182389866,0.6207705877554619,0.4241755200513262,0.4139604074882325,0.4577133818004989,1
0.09475091246159995,0.5156519361200304,0.316465673390648,0.4589602460278125,0.4656432968568128,0
0.6556794641744806,0.5928240759047836,0.43507181722139576,0.7689846807612631,0.3886246121079989,1
0.8471739819365969,0.030850770018574614,0.8475810738999797,0.9444386590169002,0.37031428457905124,1
0.09595798936211453,0.8028597423960226,0.6213249011704658,0.36169420261286533,0.9375935529765634,1
0.557241751884338,0.9668647639500553,0.57088724120468,0.9746517153287664,0.9897147975958998,1
0.30006689291567445,0.31755430902485227,0.2470650654685851,0.2825950163315677,0.7995071387007819,0
0.6200348437451534,0.6606118901759737,0.6003343023817198,0.5868128953021684,0.9102991264765408,1
0.05173125442164905,0.9508321620549041,0.8806590421356872,0.7078690223218732,0.4909132076794791,1
0.2576393351366182,0.8428572477398555,0.857465717516351,0.9075184443555541,0.7848719441880612,1
0.7751142879185793,0.35034433415613775,0.20799598670765396,0.6778898320397573,0.4510916346313024,0
0.7680173472733735,0.08767786689913593,0.07531757414030205,0.936381845278059,0.6488788905829086,0
0.4700535661979278,0.2347030716599653,0.044635861179160075,0.37829567044837387,0.19140641281288584,0
0.28566485179865064,0.41669532201355763,0.4099770360216587,0.29528154842097953,0.5024029391545487,0
0.8503867853534595,0.7112608721865817,0.8516723364501594,0.5649859860535501,0.07615263195131727,1
0.488934053016447,0.32080225410337126,0.6698443811481853,0.5858732949459861,0.16841607186184426,1
0.045544165908558476,0.7411188031078222,0.2573201048320156,0.3911362238216628,0.256926087398869,0
0.14964780722946924,0.8198404704687218,0.5351808679953477,0.05996871609668608,0.8667513779159025,0
0.5523388779789922,0.3465774540152946,0.5603317814261269,0.6549457350531028,0.6122971470909458,1
0.5049021398543817,0.4358286406120824,0.6382797863563269,0.896350863336712,0.808469544524377,1
0.7207158592309931,0.8242050288216072,0.6748744216392596,0.6554995680890529,0.37170741068948776,1
0.2221815835297941,0.036029852881459545,0.3744509642847035,0.9144568332308136,0.8676865405509055,0
0.3593537656568334,0.12210658773986494,0.27211868458680655,0.772261720489638,0.08672395719423487,0
0.2634026645439188,0.6999040427988672,0.4679913720270221,0.714145891087765,0.6590320901566094,0
0.7325996910928148,0.641230766577643,0.22467427404565765,0.16365708696311188,0.5447167598234629,0
0.6177378240883226,0.7143705551057066,0.3611234050735097,0.29651400458770205,0.7048229800198641,1
0.6272775302669317,0.7725243766996697,0.13540478605295037,0.11374875053968925,0.3261050432457161,0
0.5108516675499514,0.9174244089081416,0.4830832017107287,0.9728783603161765,0.8610438900641308,1
0.5957058920094243,0.39233380117150385,0.3846422078201638,0.9937178051979991,0.7468223812438938,0
0.047264139394429416,0.7782996363816653,0.9477735680168338,0.20453357365277836,0.19792258265963547,1
0.9387446172034766,0.42651049343570613,0.7058554749771077,0.5850296844864574,0.4674609372040601,1
0.5684789473171684,0.39599824552592433,0.6426768835446255,0.4425159377245861,0.37425909540059465,1
0.5423929111578137,0.5054943225793558,0.5682885670163643,0.995385895196232,0.33277973147378526,1
0.9204948206279198,0.8247475026773307,0.45225481909888765,0.497559047219287,0.33196604807619745,1
0.3536253503762641,0.45322951336760287,0.4395498797986208,0.6913775415741398,0.23056975146350422,0
0.7305400866728526,0.6318393251267095,0.4101590052856957,0.5431879682832461,0.5301265992337316,1
0.685769331612354,0.7882452573377825,0.1653102295745178,0.2423098319381728,0.18101136543773022,0
0.5151368815325573,0.5386702053679059,0.7251519526571103,0.7893975112710266,0.8432756231173493,1
0.8385111681095385,0.5263182663295959,0.7279420319030023,0.08184950802808943,0.5600999015537063,1
0.184616874538723,0.10605146169331225,0.5650524097499867,0.5707539818548009,0.7969842150577328,0
0.35353788606506686,0.9053354535801774,0.4339768807515543,0.1274892855683566,0.8871455007739576,1
0.8073441813970366,0.998634846653733,0.738257217785071,0.08213344106374876,0.14473429469611088,1
0.595260347096762,0.6020648718138265,0.4494720952207869,0.5973066333607574,0.8102903006897373,1
0.3677096491694952,0.38583726589314427,0.740824174173746,0.24800044973897495,0.9865784656598302,1
0.41115611272568986,0.860151223425244,0.1893765258947283,0.8349982353895474,0.1490020959190126,0
0.7289124370286573,0.8320255824223219,0.8793198009029685,0.7849583903012357,0.1113579599758141,1
0.813282551904548,0.7552850796530488,0.25801652373837236,0.4397743122837511,0.10882944292218921,1
0.28883333201756656,0.3876752794379572,0.7425337245483409,0.4289841135602742,0.9606784685527628,1
0.21856546038721125,0.34358525087069314,0.6430667189079318,0.8415756880605537,0.22769525774060362,0
0.01880721347273595,0.6638248233932528,0.8472344615204305,0.12483060195809892,0.2965672881222955,0
0.2613173856626613,0.5016154829760364,0.6586534687926101,0.27957420432754965,0.7842908325836696,0
0.889140775190777,0.48013940768574437,0.3537104310714848,0.4247343767643361,0.12663708839544507,1
0.8938775858903957,0.51561832925774,0.5883429327802129,0.7458966778143522,0.6586478803784324,1
0.8880913620883009,0.47726338275440805,0.4797237332059239,0.34060200209166525,0.26247247692596254,1
0.5963775203992329,0.37141188453575213,0.5456371113722802,0.29707342271311,0.32915356791663763,1
0.6850793725952463,0.8497028386153738,0.626063274937489,0.9281460303964503,0.41084491269192336,1
0.26387964562059263,0.8191345135438622,0.6929112128546311,0.3364632568823309,0.7096781693550595,1
0.37750528821983986,0.7083680504203053,0.4796407100356187,0.1975321352526357,0.24963117204315288,0
0.16391041249131277,0.011036304029071853,0.8477247831823238,0.6031743238162577,0.31822373593902376,0
0.11750072032909897,0.9864050122085087,0.5605371191925677,0.12477108725525266,0.49325856836162774,0
0.5360633032287174,0.9439065634346266,0.8548180109405057,0.6569742307964874,0.25413661155516076,1
0.6153943879770885,0.6291951603760687,0.9311446923554867,0.06527867578127378,0.024133830117113786,1
0.26955532035695207,0.7890776101841214,0.09671157030129951,0.9094353771766304,0.39630327209979455,0
0.061040872897119125,0.637476133831342,0.45898850186530626,0.7828105078215344,0.33948850803725417,0
0.14649038855828156,0.12778086130311184,0.971816937000215,0.9563796377184905,0.8309870273016862,1
0.6538542660776298,0.9811417838926502,0.8037833333686744,0.09825085812721235,0.9105190722872344,1
0.8341013639572512,0.5969170014430104,0.21362351549346037,0.8509954520889447,0.652542872717379,1
0.3002717830823127,0.6485551432821053,0.32771266757895223,0.8407519109383863,0.2128402649854052,0
0.5861655207017504,0.6579091532656115,0.8258516081239263,0.5065435876851344,0.6603315077524893,1
0.08526318394337973,0.3874775772332144,0.15568187403973444,0.18139481578091465,0.18302826642836678,0
0.2689367774517526,0.8125113909075768,0.6655047000721174,0.47487625367688513,0.6236340803372369,1
0.08167436561105024,0.7563447281824209,0.4592721344547305,0.7538075866823813,0.5030455732471765,0
0.019281826645272337,0.28955230161748235,0.0509109791680481,0.17556836495648087,0.4039975290709885,0
0.9853555535329065,0.6367575953515751,0.5912479345921767,0.551853358892912,0.7270451618604389,1
0.35604620524389885,0.12219619291488626,0.35336765720636676,0.9612457318154535,0.512370483789417,0
0.43195874193502704,0.35358886127127065,0.5971874269532952,0.3563767281297573,0.9159110601580236,1
0.38856756144074933,0.19937749415728045,0.5902914553241776,0.5218521733087766,0.6729217711772251,0
0.05763532669847893,0.6082046798292362,0.5249222162325788,0.2493159554866725,0.6375606532431337,0
0.9457198243045477,0.6239168843109894,0.8891900625417787,0.2991379568962207,0.8672289839653919,1
0.0035775460996161357,0.48721806893807584,0.4415499205609895,0.09462488803154268,0.11636647844272785,0
0.0002460618251376445,0.20955652487666176,0.14597251154378632,0.8752514793904985,0.20892939273761135,0
0.5118231356664622,0.5213361351502738,0.6461327682501415,0.282317864610399,0.5334558555812096,1
0.6384371114218002,0.06818970801302793,0.7497143327708484,0.9639132721805442,0.41499815762476067,1
0.6290913463464428,0.239940581447748,0.8917240254268552,0.3322905541561878,0.836584353046567,1
0.404252377343985,0.6898917928817867,0.24315244643376788,0.14118073289379374,0.8702255383694163,0
0.5394834128130173,0.26757945489413826,0.09547495208163215,0.9076319990175726,0.01564481663848971,0
0.6245051563226962,0.9819808574813974,0.5080200192461961,0.2919905594650878,0.032264856819713805,1
0.5032384959363722,0.46737536131856816,0.42581304628449956,0.4224556176169887,0.2555874141425569,0
0.06565965105754201,0.4430362899232103,0.7247570028844561,0.6095605558835114,0.34179775140843627,0
0.23127731124029227,0.7423306295889196,0.6629203809388438,0.14000524677699722,0.3177005792648524,1
0.3757360336398441,0.8397198808504126,0.8495912518411501,0.9851845775910483,0.2224100874077578,1
0.335009303779486,0.5083246178159714,0.8523446493873179,0.6781214375256422,0.4253343986700403,1
0.7452290118678953,0.39547006364232795,0.3389328311422558,0.5768606724467973,0.14237645651472164,0
0.17484525005632479,0.0683690991335828,0.053030069003738745,0.3130520912562811,0.7259637285110138,0
0.385269713776733,0.9088288509213048,0.8934679776261829,0.7837604493775234,0.6745006099699069,1
0.8493638124143861,0.1842389610944689,0.31340139148584234,0.5480572968015021,0.9074632749248773,0
0.03429198455827154,0.71588977344173,0.2904057140166343,0.09597138017633255,0.971234862420172,0
0.7487194833769076,0.17176262348775062,0.9417671928877656,0.27620570824693724,0.9986815683458259,1
0.091455163311714,0.9766815546722338,0.17151505609841733,0.3062006790002443,0.025576156817669227,0
0.033813205949221325,0.9382101272044288,0.932007606102547,0.5679300591981593,0.2471313965815337,1
0.26486730217605525,0.3174809982951947,0.6548087107416097,0.027126017433556693,0.617396861284237,0
0.9316345700647528,0.49778244151832063,0.07075851996986082,0.8977652981754991,0.2276507248482077,0
0.2434101887368294,0.19652735319749604,0.17371732390191275,0.539708013153731,0.8047083224714984,0
0.9936095892834602,0.39096078133584944,0.8102690570607746,0.9839647643483843,0.42665811528010245,1
0.4595468893913628,0.681646970414015,0.32154421275631784,0.9472314774380701,0.6809340078578594,0
0.48156369005994193,0.6090922329291764,0.7087678335484345,0.4582775089915617,0.05022163166168281,1
0.3802631614621004,0.07687622204604327,0.6780915400434665,0.0016091217050181461,0.4849401418137641,0
0.4353873967065989,0.2313830569643177,0.13610622937047256,0.5732090174382186,0.49640905438611493,0
0.34569493506233906,0.2560133113158012,0.8361334631144202,0.40438865609974084,0.8943534413351013,1
0.3513502483846256,0.3989906780031732,0.4321830919283567,0.4447681306664897,0.24949988535692824,0
0.5671969122918193,0.7851882874789301,0.6683913286555417,0.3013238904322777,0.7210777670715091,1
0.513239039282607,0.5860314947464969,0.7494142558128691,0.12277222299579549,0.24505864276829703,1
0.5617357380769311,0.6719975413068826,0.03968608041267796,0.2137448194881264,0.47780689681310884,0
0.3733737163609573,0.09356980616920563,0.5265622637703133,0.8180925736691731,0.057376129383638785,0
0.5792747403372079,0.9548559615337935,0.44033338363211383,0.8598419544151498,0.5530867677663167,1
0.20787485143128648,0.2930286439292571,0.41528714790544774,0.3127081371484084,0.19024871019989398,0
0.6162478645046032,0.09384341978761823,0.3351202192597271,0.8484600603074146,0.5378725469789627,0
0.9224855623877425,0.5867344381137446,0.9241175350946249,0.10341489302878715,0.3721021214619812,1
0.6087450079531,0.2456246616994756,0.7596532107378332,0.5422394076620862,0.56978061898699,1
0.9991404011054466,0.3235980018766855,0.11117827466933083,0.21217551431454384,0.9260639392628763,0
0.39728937062192926,0.30010237912548576,0.6802066981517673,0.11412031497630026,0.7149813488873281,0
0.8243811229132173,0.6046130670088344,0.14438497583293375,0.15691765184262396,0.2722810256093332,0
0.8970956965926986,0.14492030211923057,0.27509611021187586,0.5252971088801812,0.2616641092896608,0
0.033451742822283914,0.15268041092624274,0.8922589908677873,0.47141916021303554,0.3945191092684087,0
0.8881374157645329,0.5387314197888533,0.2136289223252048,0.24665241321960796,0.27848586778983153,0
0.3144484638303696,0.9271202135772363,0.13973320369194275,0.4745640261418185,0.13456113871564646,0
0.05394212567213896,0.2367090472333001,0.6089836272557316,0.09656993373988709,0.7387650569808301,0
0.18903892520860677,0.9463049420825062,0.5239470784889366,0.33876412701407077,0.7079620136909559,1
0.6596345767995228,0.8134504863645576,0.693371552722941,0.1240400991101942,0.2588304174789403,1
0.16797081677559556,0.19163004102433956,0.5307952749742761,0.16611931728742746,0.3896442416196001,0
0.4196942649621911,0.12910477844100354,0.5912457497889214,0.9257188153373834,0.9179558944564382,0
0.4142927036690084,0.3549248401104057,0.421221754555273,0.5819506792337392,0.26984943677973494,0
0.1609662987756887,0.7422858527856674,0.18585282041430606,0.8480456941054748,0.9635051474859809,0
0.7594012690901455,0.3974266965437202,0.7252643846468019,0.5945899450948942,0.6981912609974265,1
0.9781199795723465,0.5627588820258085,0.3336561898670889,0.19677616152127175,0.6281457545310754,1
0.019083411978717213,0.6300964075176829,0.1954880638642933,0.4026603268373521,0.5090157339825657,0
0.03544150309604677,0.7754411589758908,0.4713038030769182,0.9282421294593385,0.5935165745771094,0
0.7497721546514036,0.855280144621134,0.35917217506921206,0.24420564082642293,0.06061411158218355,1
0.13893169219596024,0.9733102832289482,0.5935790019524894,0.2973232021894565,0.08521170967952685,0
0.2652845812182485,0.12902966692141893,0.6315430035476807,0.6781798118209144,0.4186653914960491,0
0.32135038080875145,0.5214070831001807,0.7070753904035606,0.504376466783004,0.4090871984206972,1
0.7552349667628462,0.7421212618179962,0.8058781027394353,0.46169150529941994,0.05954007843910192,1
0.10252589424432701,0.07461454891259112,0.07011669772678841,0.47164740305112984,0.38816082150320175,0
0.4123233230030626,0.5624339883186396,0.907535599123398,0.6764464233566413,0.8166176625234682,1
0.12184506785231719,0.6321734866228278,0.717048295902168,0.6010891300073185,0.16877558887278343,0
0.9946928566334341,0.020618366431614965,0.28952847765621503,0.0485203755627267,0.9575311861552677,0
0.49628783852786906,0.15533729852886813,0.5979942330074208,0.6723811207162643,0.4461085988019091,0
0.6352438812484761,0.10355614810484981,0.9750015303363208,0.19971539300406604,0.6961693318981681,1
0.299640621052084,0.9049163392020422,0.023237033029445464,0.8365906837918116,0.7129280065266914,0
0.21213406306887705,0.8822861766586615,0.32327563911773294,0.5991503222312753,0.14071462094135756,0
0.14501356445815483,0.8123468387064472,2.740916820043182e-05,0.7849957654571138,0.6966479467711795,0
0.39310171309095643,0.36513844249727556,0.8142807917444121,0.8112963400355468,0.16663916047000282,1
0.7030764723576596,0.46582392055913246,0.6805064471454386,0.9474952593182026,0.8572924339999736,1
0.5346289466994163,0.6898173513275855,0.7463138341866246,0.07179916841866041,0.23465414155113273,1
0.8783446421442002,0.9595809209245797,0.8334381844852455,0.29642055257592903,0.7406628304595583,1
0.6639064305027037,0.46451962103771094,0.6204601125945884,0.17299453471989246,0.708377298457977,1
0.46748365885916976,0.574012449717297,0.05417274902192104,0.052537492242669126,0.3660467215204841,0
0.8077734196455084,0.46477567652823504,0.13959233079373878,0.379120735730902,0.41718629527365125,0
0.7798331179076213,0.6563375004675375,0.8074789463709824,0.7048847490227553,0.4370705083874341,1
0.7857107631578405,0.5131537408906285,0.9361338807325353,0.9182632695932694,0.44884070229264506,1
0.15172818560337598,0.7297411465910657,0.1443601394075834,0.2804426122387106,0.9233233188677835,0
0.7407369950496226,0.4753875488205398,0.36212018415989367,0.7660517836450421,0.16536995222289919,1
0.25325281950127077,0.07097786907897208,0.24190289838791967,0.07267995989443754,0.387400519366251,0
0.23302830395077434,0.15177311812162153,0.1756157147307814,0.7051411982401581,0.04758626642933439,0
0.7483771103397712,0.8599707397134699,0.026300397306206036,0.2166675576943713,0.4986102011259118,0
0.33128674550508863,0.49730904444228985,0.8539738329783909,0.6880169593643319,0.6044187610741895,1
0.9447066914014174,0.3030601386495605,0.029172611661203218,0.9216051870823226,0.24814649556268564,0
0.6874925616813361,0.9923561569979585,0.8263832237805773,0.5591028511250714,0.7719395967354457,1
0.5488150402083113,0.7298536903884767,0.4587646372291564,0.09097234473582894,0.40394228147799405,1
0.2583293352914312,0.2562472931038797,0.07475459127027517,0.8000801230175434,0.2064135928458286,0
0.5029902833192466,0.9386814011147486,0.9341313313816342,0.5840427947932126,0.08399729308276749,1
0.7885318191595637,0.6436255108650014,0.047599034313638544,0.19051835072836742,0.3708503118834354,0
0.7055626734904006,0.7984093677600304,0.7453251400537018,0.06076978809550515,0.9242390096612578,1
0.8190093952109413,0.4651699774727337,0.08097272792837729,0.7256507406041407,0.8977785801609128,0
0.41362432174768415,0.5550024934907608,0.8393385229024009,0.3960275633956879,0.4543265914694433,1
0.12185190504248233,0.18215852482339068,0.16209956137333903,0.8776858119020593,0.8282198028161649,0
0.9509086736751972,0.9067874859061028,0.7115693411782659,0.11284380120159276,0.3219355117787627,1
0.9201053768708652,0.0623747074183294,0.5877298099797843,0.3896747812299266,0.10861500406232127,1
0.12354475623421846,0.152558138546653,0.3404798688151839,0.5883633050046586,0.6701329106204743,0
0.5631773375761487,0.6541860989546088,0.35453031156252857,0.638704678986116,0.9238143962805123,1
0.31847548161116035,0.1608450381821378,0.7414365856463422,0.2499951728975185,0.21349973866617666,0
0.7248939962277666,0.6014757219103439,0.514092598970235,0.7112903129148771,0.8896497991402301,1
0.583238943734315,0.6815364812648737,0.8530761799337041,0.0572328429137926,0.32144793584017317,1
0.8115332080608144,0.8788438386114544,0.47418324052412053,0.24137972101641025,0.1939876756810509,1
0.7229764505617758,0.6715456016635795,0.5648207155040876,0.7803906581709853,0.34970585842669666,1
0.826395093184597,0.03494564890146645,0.7952495984597838,0.06155787925580802,0.37316079179999617,1
0.834561760864855,0.12434626523259162,0.9481276040975024,0.06596724611166538,0.34379245630602306,1
0.6071068595454177,0.21929369106113328,0.641957837614912,0.5013367685662427,0.45377533131821945,1
0.41666790554039235,0.9180551828815309,0.21320990934325124,0.9392965617071135,0.4037998186329279,0
0.07048858278487802,0.1197154759315937,0.8098939692445988,0.050624881786211606,0.27794427011460765,0
0.25779683511115015,0.3955621335130888,0.9707009429514468,0.21783608899678653,0.05557479400579046,1
0.6766349460201204,0.12402043114300443,0.9029282213354604,0.15579744755140645,0.7451823475757287,1
0.6105402614297527,0.6768712468267711,0.4719971272754574,0.8115562538022385,0.17579928250713694,1
0.9581778733740193,0.6556094385433339,0.9899411274743406,0.4536489270935178,0.9138466223330871,1
0.5534274082687493,0.2778149105887001,0.8649121791417562,0.8677564822017139,0.77838399923154,1
0.26611647313454934,0.3493629730467235,0.6990037685251139,0.6771434585398646,0.36993760100273443,0
0.5195173347972615,0.5175590139363951,0.7003939872704512,0.3179758927852445,0.28619428563154214,1
0.5904563382907457,0.06712385478877525,0.015306522143291534,0.11183120136056757,0.6340714322036161,0
0.26615403909524593,0.8287181657207386,0.8973781605321021,0.7491562390073327,0.29462921423974964,1
0.5006113616527686,0.5602987151129262,0.883752434009674,0.878875100108424,0.7374701028091689,1
0.20636246018907467,0.8724172950589533,0.9248281591936393,0.7897713818895092,0.6676740424713344,1
0.6007100833120061,0.3677536855500648,0.33982008397880137,0.30484529013511774,0.48270463964261845,0
0.9236013494629658,0.5755239694550583,0.6204894022578747,0.7865414294579636,0.31493114956376167,1
0.07268038128528886,0.4947233885180762,0.6446995606463872,0.10275040323594498,0.7316612279992475,0
0.5737616464397357,0.7103793920515364,0.14776175953203885,0.7532206060954508,0.16154264831985,0
0.9002955789594566,0.5976648488430815,0.6747405411766714,0.447418679056956,0.550460272817548,1
0.035215719752398233,0.5020388950260254,0.5996792917610821,0.9662009072454287,0.6761166317274062,0
0.8981499565749507,0.11530642707034677,0.033644481046435915,0.29559455903503085,0.5492637943689818,0
0.2506663422771259,0.4392019376840218,0.05135204077938338,0.024078787367679322,0.39632458814737204,0
0.43972810658449835,0.6570424162397454,0.5806082465177261,0.903627835158444,0.8018589481861113,1
0.2640572078148484,0.10721357088392891,0.519677361941415,0.8369099175909304,0.9676105270478211,0
0.5781992997140196,0.6862986009897452,0.6851102990099368,0.023152836950090516,0.4458271512528821,1
0.5840925416414549,0.1285265010807044,0.22548511303067797,0.09473263591604142,0.7074241168163925,0
0.28791126580025794,0.5952270700171828,0.2395910044322801,0.02140739206033282,0.19736261635128527,0
0.046088435343264234,0.47483480408656065,0.15299941557045882,0.1791903020339638,0.21296192224801447,0
0.6171057848680194,0.1349922967532562,0.3448972646096786,0.4919982350385681,0.0421554051237899,0
0.17672581371116536,0.7675729753736187,0.12160713043396765,0.417229873552285,0.12476070471103806,0
0.43057015470442417,0.3499262685519373,0.7706433419486787,0.8404903591289197,0.044471662437681525,1
0.8856539927930211,0.317555389198251,0.6942617476048498,0.8475814325559895,0.34756377445380104,1
0.5895299211023303,0.825632650678372,0.508882810704764,0.25267228784638907,0.9260351852185343,1
0.6189906293281395,0.46847394917678364,0.5332183163974799,0.5459862768039723,0.08576574051146757,1
0.9990702577139037,0.6137086351240957,0.8658630432743813,0.08314160875345611,0.09217315808510962,1
0.4320902470636443,0.3935592679888802,0.45281781161499,0.8760491468434068,0.8567746254717277,0
0.08970182113756986,0.6852968652154561,0.9814458827643735,0.9179243195573354,0.6129704412387927,1
0.4390679418664949,0.860399273206286,0.9903287439615209,0.5072923152632396,0.09274960253155107,1
0.4883756189681491,0.5632209462643268,0.0020521332666398884,0.6844785985895224,0.01824988613945433,0
0.526433569362392,0.06222689923999214,0.7256148840514169,0.17989325298208725,0.15299642672869074,0
0.4700827159124237,0.5674634164430004,0.6924396522514105,0.9604485611437922,0.3694779149287648,1
0.08430764781352917,0.6597232356838442,0.3408854121772159,0.760784514805219,0.27009741818676003,0
0.8220560910665329,0.8323310829624906,0.027217426522348598,0.14711223582735866,0.021388083047659157,0
0.4176278732386399,0.7230998113955416,0.8060218528765899,0.9991292959649224,0.39667262984277285,1
0.9730016097056081,0.6066057661591175,0.7582983715969032,0.6007267843923503,0.3761128156576161,1
0.637945214881184,0.9751441307861191,0.7888520666983722,0.714841276906805,0.6574059770943194,1
0.8939967741389883,0.38910732806673365,0.6935086293079031,0.663271875819835,0.9773681163593624,1
0.11662948992564404,0.21557611942436938,0.4166909725749368,0.3842164636018236,0.9683403719058498,0
0.14294366494684319,0.4644468332053959,0.738138956554824,0.4428737103923578,0.46782586894137357,0
0.6506850387318784,0.13447011508475282,0.7098526214731874,0.5413908222983764,0.6429757397650305,1
0.622373277756709,0.6369502253654079,0.40916238854627196,0.7669207745857941,0.4460388285896242,1
0.0338955835949849,0.26168535967293094,0.26630809197359495,0.4297590571718437,0.7972084622067092,0
0.41564909423445606,0.4887442283102721,0.5469191476144433,0.4509150118176741,0.24419636896395125,0
0.4743862981294611,0.7429430612024565,0.22530688695771317,0.06683810571516102,0.5067324808917043,0
0.831735244393833,0.617139976344022,0.44721163398428676,0.3208813002585432,0.9285216020473983,1
0.29898711645383136,0.5629259898324195,0.8045073467500985,0.8140722432244166,0.5731064849543341,1
0.8535455327594078,0.914082886445938,0.4241436321547525,0.380742732534626,0.374514819333433,1
0.3825992684803392,0.8175148000330489,0.6701412313631816,0.0970829936152735,0.5441193189023041,1
0.37087698785632695,0.5887821043311894,0.16204829741520832,0.3434506998433441,0.9389214609023933,0
0.805114414647599,0.23036462383678424,0.7151562356545084,0.2648514962691617,0.13574816087263164,1
0.46281353843335427,0.050696095922976414,0.477996875646746,0.9519517079212766,0.8023828373554793,0
0.04596628556302729,0.7705286159096444,0.8961006315852275,0.13005189001738982,0.808090567180249,1
0.8297411822463262,0.5826155090875307,0.9817806910910236,0.6517068880336884,0.6895435686975503,1
0.9513537233024721,0.7025097791355188,0.9458146397327203,0.5066914777538766,0.26213472020479367,1
